data_publicacao,diario,secao,subsecao1,subsecao2,subsecao3,subsecao4,subsecao5,nome_materia,materia
17/10/2019,DIÁRIO OFICIAL,PODER EXECUTIVO,"CONTRATOS, EDITAIS E AVISOS",ASSESSORIA DE COMUNICAÇÃO SOCIAL DO ESTADO (ASSECOM),DEPARTAMENTO ESTADUAL DE IMPRENSA (DEI),,,EXTRATO DISPENSA DE LICITAÇÃO (H BONITA) - Termo de Dispensa de Licitação nº 26_2019.doc,http://diariooficial.rn.gov.br/dei/dorn3/docview.aspx?id_jor=00000001&data=20191017&id_doc=662540
17/10/2019,DIÁRIO OFICIAL,PODER EXECUTIVO,"CONTRATOS, EDITAIS E AVISOS",ASSESSORIA DE COMUNICAÇÃO SOCIAL DO ESTADO (ASSECOM),DEPARTAMENTO ESTADUAL DE IMPRENSA (DEI),DEI ASSEJUR,,Não Possui,Nenhuma matéria encontrada nessa data para essa seção.
17/10/2019,DIÁRIO OFICIAL,PODER EXECUTIVO,"CONTRATOS, EDITAIS E AVISOS",CONSELHO DE DESENVOLVIMENTO DO ESTADO (CDE),,,,Não Possui,Nenhuma matéria encontrada nessa data para essa seção.
17/10/2019,DIÁRIO OFICIAL,PODER EXECUTIVO,"CONTRATOS, EDITAIS E AVISOS",CONSULTORIA GERAL DO ESTADO (CGE),,,,Não Possui,Nenhuma matéria encontrada nessa data para essa seção.
17/10/2019,DIÁRIO OFICIAL,PODER EXECUTIVO,"CONTRATOS, EDITAIS E AVISOS",CONTROLADORIA GERAL DO ESTADO (CONTROL),,,,TERMO DE DISPENSAR DE LICITAÇÃO - Qualitek Antivírus,http://diariooficial.rn.gov.br/dei/dorn3/docview.aspx?id_jor=00000001&data=20191017&id_doc=662504
17/10/2019,DIÁRIO OFICIAL,PODER EXECUTIVO,"CONTRATOS, EDITAIS E AVISOS",CONTROLADORIA GERAL DO ESTADO (CONTROL),,,,RESUMO DE CONTRATO (FUNPEC),http://diariooficial.rn.gov.br/dei/dorn3/docview.aspx?id_jor=00000001&data=20191017&id_doc=662533
17/10/2019,DIÁRIO OFICIAL,PODER EXECUTIVO,"CONTRATOS, EDITAIS E AVISOS",DEFENSORIA PÚBLICA DO ESTADO (DPE),,,,Não Possui,Nenhuma matéria encontrada nessa data para essa seção.
17/10/2019,DIÁRIO OFICIAL,PODER EXECUTIVO,"CONTRATOS, EDITAIS E AVISOS",GABINETE CIVIL DO GOVERNADOR DO ESTADO,CONSELHO ESTADUAL DOS DIREITOS DA CRIANÇA E DO ADOLESCENTE,,,Não Possui,Nenhuma matéria encontrada nessa data para essa seção.
17/10/2019,DIÁRIO OFICIAL,PODER EXECUTIVO,"CONTRATOS, EDITAIS E AVISOS",GABINETE DO VICE-GOVERNADOR,,,,Não Possui,Nenhuma matéria encontrada nessa data para essa seção.
17/10/2019,DIÁRIO OFICIAL,PODER EXECUTIVO,"CONTRATOS, EDITAIS E AVISOS",PROCURADORIA GERAL DO ESTADO (PGE),,,,Não Possui,Nenhuma matéria encontrada nessa data para essa seção.
17/10/2019,DIÁRIO OFICIAL,PODER EXECUTIVO,"CONTRATOS, EDITAIS E AVISOS",SECRETARIA DA INFRA-ESTRUTURA,DEPARTAMENTO ESTADUAL DE ESTRADAS E RODAGENS (DER),,,"PUBLICAÇÃO ENVIADA EM, 16.10.2019-RESUMO TERNO ADTIVO AO CONTRATO DE EMPREITADA NºS 005, 007, 006 E 003/2016",http://diariooficial.rn.gov.br/dei/dorn3/docview.aspx?id_jor=00000001&data=20191017&id_doc=662528
17/10/2019,DIÁRIO OFICIAL,PODER EXECUTIVO,"CONTRATOS, EDITAIS E AVISOS",SECRETARIA DA INFRA-ESTRUTURA,DEPARTAMENTO ESTADUAL DE TRÂNSITO (DETRAN),,,Ana Flávia - Extrato 1º Termo Aditivo,http://diariooficial.rn.gov.br/dei/dorn3/docview.aspx?id_jor=00000001&data=20191017&id_doc=662456
17/10/2019,DIÁRIO OFICIAL,PODER EXECUTIVO,"CONTRATOS, EDITAIS E AVISOS",SECRETARIA DA JUSTIÇA E DA CIDADANIA,CONSELHO ESTADUAL DE DIREITOS HUMANOS E CIDADANIA (COEDHUCI),,,Não Possui,Nenhuma matéria encontrada nessa data para essa seção.
17/10/2019,DIÁRIO OFICIAL,PODER EXECUTIVO,"CONTRATOS, EDITAIS E AVISOS",SECRETARIA DE ADMINISTRAÇÃO E DOS RECURSOS HUMANOS,,,,Não Possui,Nenhuma matéria encontrada nessa data para essa seção.
17/10/2019,DIÁRIO OFICIAL,PODER EXECUTIVO,"CONTRATOS, EDITAIS E AVISOS","SECRETARIA DE ASSUNTOS FUNDIÁRIOS, COLONIZAÇÃO E APOIO À REFORMA AGRÁRIA",,,,Não Possui,Nenhuma matéria encontrada nessa data para essa seção.
17/10/2019,DIÁRIO OFICIAL,PODER EXECUTIVO,"CONTRATOS, EDITAIS E AVISOS",SECRETÁRIA DE ESTADO DA ADMINISTRAÇÃO (SEAD),,,,SEAD - TERMO DE ANULAÇÃO.doc,http://diariooficial.rn.gov.br/dei/dorn3/docview.aspx?id_jor=00000001&data=20191017&id_doc=662536
17/10/2019,DIÁRIO OFICIAL,PODER EXECUTIVO,"CONTRATOS, EDITAIS E AVISOS",SECRETÁRIA DE ESTADO DA ADMINISTRAÇÃO (SEAD),,,,SEAD - Justificativa para Quebra UNIFICADO.doc,http://diariooficial.rn.gov.br/dei/dorn3/docview.aspx?id_jor=00000001&data=20191017&id_doc=662537
17/10/2019,DIÁRIO OFICIAL,PODER EXECUTIVO,"CONTRATOS, EDITAIS E AVISOS",SECRETÁRIA DE ESTADO DA ADMINISTRAÇÃO (SEAD),COMPANHIA DE PROCESSAMENTO DE DADOS DO RN (DATANORTE),,,Não Possui,Nenhuma matéria encontrada nessa data para essa seção.
17/10/2019,DIÁRIO OFICIAL,PODER EXECUTIVO,"CONTRATOS, EDITAIS E AVISOS",SECRETÁRIA DE ESTADO DA ADMINISTRAÇÃO (SEAD),INSTITUTO DE PREVIDÊNCIA DOS SERVIDORES DO ESTADO,,,Não Possui,Nenhuma matéria encontrada nessa data para essa seção.
17/10/2019,DIÁRIO OFICIAL,PODER EXECUTIVO,"CONTRATOS, EDITAIS E AVISOS",SECRETÁRIA DE ESTADO DA ADMINISTRAÇÃO PENITENCIÁRIA (SEAP),,,,TERMO DE DISPENSA DE LICITAÇÃO,http://diariooficial.rn.gov.br/dei/dorn3/docview.aspx?id_jor=00000001&data=20191017&id_doc=662494
17/10/2019,DIÁRIO OFICIAL,PODER EXECUTIVO,"CONTRATOS, EDITAIS E AVISOS",SECRETÁRIA DE ESTADO DA ADMINISTRAÇÃO PENITENCIÁRIA (SEAP),,,,AVISO DE SOLICITÃÇÃO DE CREDENCIAMENTO,http://diariooficial.rn.gov.br/dei/dorn3/docview.aspx?id_jor=00000001&data=20191017&id_doc=662497
17/10/2019,DIÁRIO OFICIAL,PODER EXECUTIVO,"CONTRATOS, EDITAIS E AVISOS","SECRETARIA DE ESTADO DA AGRICULTURA, DA PECUÁRIA E DA PESCA ",CENTRAIS DE ABASTECIMENTO DO RN (CEASA),,,EXTRATO DO TERMO DE DISPENSA DE LICITAÇÃO N° 16/2019,http://diariooficial.rn.gov.br/dei/dorn3/docview.aspx?id_jor=00000001&data=20191017&id_doc=662460
17/10/2019,DIÁRIO OFICIAL,PODER EXECUTIVO,"CONTRATOS, EDITAIS E AVISOS","SECRETARIA DE ESTADO DA AGRICULTURA, DA PECUÁRIA E DA PESCA ",CENTRAIS DE ABASTECIMENTO DO RN (CEASA),,,EXTRATO DO TERMO DE DISPENSA DE LICITAÇÃO N° 017/2019,http://diariooficial.rn.gov.br/dei/dorn3/docview.aspx?id_jor=00000001&data=20191017&id_doc=662461
17/10/2019,DIÁRIO OFICIAL,PODER EXECUTIVO,"CONTRATOS, EDITAIS E AVISOS","SECRETARIA DE ESTADO DA AGRICULTURA, DA PECUÁRIA E DA PESCA ",CENTRAIS DE ABASTECIMENTO DO RN (CEASA),,,EXTRATO DO TERMO DE DISPENSA DE LICITAÇÃO 019.doc,http://diariooficial.rn.gov.br/dei/dorn3/docview.aspx?id_jor=00000001&data=20191017&id_doc=662557
17/10/2019,DIÁRIO OFICIAL,PODER EXECUTIVO,"CONTRATOS, EDITAIS E AVISOS","SECRETARIA DE ESTADO DA AGRICULTURA, DA PECUÁRIA E DA PESCA ",CENTRAIS DE ABASTECIMENTO DO RN (CEASA),,,EXTRATO DO TERMO DE DISPENSA DE LICITAÇÃO 018_2019.doc,http://diariooficial.rn.gov.br/dei/dorn3/docview.aspx?id_jor=00000001&data=20191017&id_doc=662558
17/10/2019,DIÁRIO OFICIAL,PODER EXECUTIVO,"CONTRATOS, EDITAIS E AVISOS","SECRETARIA DE ESTADO DA AGRICULTURA, DA PECUÁRIA E DA PESCA ",CENTRAIS DE ABASTECIMENTO DO RN (CEASA),PROGRAMA FARMACIA DE TODOS -CEASA/RN,,Não Possui,Nenhuma matéria encontrada nessa data para essa seção.
17/10/2019,DIÁRIO OFICIAL,PODER EXECUTIVO,"CONTRATOS, EDITAIS E AVISOS","SECRETARIA DE ESTADO DA AGRICULTURA, DA PECUÁRIA E DA PESCA ",EMPRESA DE PESQUISA AGROPECUÁRIA DO RN (EMPARN),,,Não Possui,Nenhuma matéria encontrada nessa data para essa seção.
17/10/2019,DIÁRIO OFICIAL,PODER EXECUTIVO,"CONTRATOS, EDITAIS E AVISOS","SECRETARIA DE ESTADO DA AGRICULTURA, DA PECUÁRIA E DA PESCA ",INSTITUTO DE ASSISTÊNCIA TÉCNICA E EXTENSÃO RURAL DO RN (EMATER),,,Habilitação TP004 TP005 e TP006,http://diariooficial.rn.gov.br/dei/dorn3/docview.aspx?id_jor=00000001&data=20191017&id_doc=662454
17/10/2019,DIÁRIO OFICIAL,PODER EXECUTIVO,"CONTRATOS, EDITAIS E AVISOS","SECRETARIA DE ESTADO DA AGRICULTURA, DA PECUÁRIA E DA PESCA ",INSTITUTO DE DEFESA E INSPEÇÃO AGROPECUÁRIA DO RIO GRANDE DO NORTE (IDIARN),,,Não Possui,Nenhuma matéria encontrada nessa data para essa seção.
17/10/2019,DIÁRIO OFICIAL,PODER EXECUTIVO,"CONTRATOS, EDITAIS E AVISOS",SECRETARIA DE ESTADO DA EDUCAÇÃO E DA CULTURA (SEEC),,,,Não Possui,Nenhuma matéria encontrada nessa data para essa seção.
17/10/2019,DIÁRIO OFICIAL,PODER EXECUTIVO,"CONTRATOS, EDITAIS E AVISOS","SECRETÁRIA DE ESTADO DA EDUCAÇÃO, DA CULTURA, DO ESPORTE E DO LAZER (SEEC)",,,,Extratos -- Fabiano e Ana,http://diariooficial.rn.gov.br/dei/dorn3/docview.aspx?id_jor=00000001&data=20191017&id_doc=662462
17/10/2019,DIÁRIO OFICIAL,PODER EXECUTIVO,"CONTRATOS, EDITAIS E AVISOS","SECRETÁRIA DE ESTADO DA EDUCAÇÃO, DA CULTURA, DO ESPORTE E DO LAZER (SEEC)",,,,EXTRATO DE RENOVAÇÃO DE CONTRATO,http://diariooficial.rn.gov.br/dei/dorn3/docview.aspx?id_jor=00000001&data=20191017&id_doc=662518
17/10/2019,DIÁRIO OFICIAL,PODER EXECUTIVO,"CONTRATOS, EDITAIS E AVISOS","SECRETÁRIA DE ESTADO DA EDUCAÇÃO, DA CULTURA, DO ESPORTE E DO LAZER (SEEC)",FUNDAÇÃO JOSÉ AUGUSTO (FJA),,,Não Possui,Nenhuma matéria encontrada nessa data para essa seção.
17/10/2019,DIÁRIO OFICIAL,PODER EXECUTIVO,"CONTRATOS, EDITAIS E AVISOS","SECRETÁRIA DE ESTADO DA EDUCAÇÃO, DA CULTURA, DO ESPORTE E DO LAZER (SEEC)",INSTITUTO DE FORMAÇÃO DE PROFESSORES PRESIDENTE KENNEDY (IFESP),,,Não Possui,Nenhuma matéria encontrada nessa data para essa seção.
17/10/2019,DIÁRIO OFICIAL,PODER EXECUTIVO,"CONTRATOS, EDITAIS E AVISOS","SECRETÁRIA DE ESTADO DA EDUCAÇÃO, DA CULTURA, DO ESPORTE E DO LAZER (SEEC)",UNIVERSIDADE DO ESTADO DO RIO GRANDE DO NORTE (UERN),,,Não Possui,Nenhuma matéria encontrada nessa data para essa seção.
17/10/2019,DIÁRIO OFICIAL,PODER EXECUTIVO,"CONTRATOS, EDITAIS E AVISOS",SECRETARIA DE ESTADO DA SAÚDE PÚBLICA (SESAP),,,,SESAP - Pregão Eletrônico nº. 33_2019 - HOMOLOGAÇÃO.doc,http://diariooficial.rn.gov.br/dei/dorn3/docview.aspx?id_jor=00000001&data=20191017&id_doc=662554
17/10/2019,DIÁRIO OFICIAL,PODER EXECUTIVO,"CONTRATOS, EDITAIS E AVISOS",SECRETARIA DE ESTADO DA SAÚDE PÚBLICA (SESAP),,,,SESAP - Pregão Eletrônico nº. 32_2019 - TERMO DE HOMOLOGAÇÃO.doc,http://diariooficial.rn.gov.br/dei/dorn3/docview.aspx?id_jor=00000001&data=20191017&id_doc=662555
17/10/2019,DIÁRIO OFICIAL,PODER EXECUTIVO,"CONTRATOS, EDITAIS E AVISOS",SECRETARIA DE ESTADO DO ESPORTE E DO LAZER (SEEL),CONSELHO ESTADUAL DE DESPORTOS (CED),,,Não Possui,Nenhuma matéria encontrada nessa data para essa seção.
17/10/2019,DIÁRIO OFICIAL,PODER EXECUTIVO,"CONTRATOS, EDITAIS E AVISOS",SECRETARIA DE ESTADO DO MEIO AMBIENTE E DOS RECURSOS HÍDRICOS (SEMARH),COMPANHIA DE ÁGUAS E ESGOTOS DO RN (CAERN),,,extrato de contrato,http://diariooficial.rn.gov.br/dei/dorn3/docview.aspx?id_jor=00000001&data=20191017&id_doc=662441
17/10/2019,DIÁRIO OFICIAL,PODER EXECUTIVO,"CONTRATOS, EDITAIS E AVISOS",SECRETARIA DE ESTADO DO MEIO AMBIENTE E DOS RECURSOS HÍDRICOS (SEMARH),COMPANHIA DE ÁGUAS E ESGOTOS DO RN (CAERN),,,extrato de contrato,http://diariooficial.rn.gov.br/dei/dorn3/docview.aspx?id_jor=00000001&data=20191017&id_doc=662442
17/10/2019,DIÁRIO OFICIAL,PODER EXECUTIVO,"CONTRATOS, EDITAIS E AVISOS",SECRETARIA DE ESTADO DO MEIO AMBIENTE E DOS RECURSOS HÍDRICOS (SEMARH),COMPANHIA DE ÁGUAS E ESGOTOS DO RN (CAERN),,,extrato de contrato,http://diariooficial.rn.gov.br/dei/dorn3/docview.aspx?id_jor=00000001&data=20191017&id_doc=662443
17/10/2019,DIÁRIO OFICIAL,PODER EXECUTIVO,"CONTRATOS, EDITAIS E AVISOS",SECRETARIA DE ESTADO DO MEIO AMBIENTE E DOS RECURSOS HÍDRICOS (SEMARH),COMPANHIA DE ÁGUAS E ESGOTOS DO RN (CAERN),,,aviso e licitação,http://diariooficial.rn.gov.br/dei/dorn3/docview.aspx?id_jor=00000001&data=20191017&id_doc=662470
17/10/2019,DIÁRIO OFICIAL,PODER EXECUTIVO,"CONTRATOS, EDITAIS E AVISOS",SECRETARIA DE ESTADO DO MEIO AMBIENTE E DOS RECURSOS HÍDRICOS (SEMARH),COMPANHIA DE ÁGUAS E ESGOTOS DO RN (CAERN),,,extrato de termo aditivo,http://diariooficial.rn.gov.br/dei/dorn3/docview.aspx?id_jor=00000001&data=20191017&id_doc=662529
17/10/2019,DIÁRIO OFICIAL,PODER EXECUTIVO,"CONTRATOS, EDITAIS E AVISOS",SECRETARIA DE ESTADO DO MEIO AMBIENTE E DOS RECURSOS HÍDRICOS (SEMARH),COMPANHIA DE ÁGUAS E ESGOTOS DO RN (CAERN),,,extrato de contratos,http://diariooficial.rn.gov.br/dei/dorn3/docview.aspx?id_jor=00000001&data=20191017&id_doc=662530
17/10/2019,DIÁRIO OFICIAL,PODER EXECUTIVO,"CONTRATOS, EDITAIS E AVISOS",SECRETARIA DE ESTADO DO MEIO AMBIENTE E DOS RECURSOS HÍDRICOS (SEMARH),INSTITUTO DE GESTÃO DAS ÁGUAS DO RN (IGARN),,,Não Possui,Nenhuma matéria encontrada nessa data para essa seção.
17/10/2019,DIÁRIO OFICIAL,PODER EXECUTIVO,"CONTRATOS, EDITAIS E AVISOS",SECRETARIA DE ESTADO DO PLANEJAMENTO E DAS FINANÇAS (SEPLAN),,,,"TERMO DE RESCISÃO, HOMOLOGAÇÃO, EXTRATO DE CONTRATO E INEXIGIBILIDADE DO PROJETO GOVERNO CIDADÃO.",http://diariooficial.rn.gov.br/dei/dorn3/docview.aspx?id_jor=00000001&data=20191017&id_doc=662532
17/10/2019,DIÁRIO OFICIAL,PODER EXECUTIVO,"CONTRATOS, EDITAIS E AVISOS",SECRETARIA DE ESTADO DO PLANEJAMENTO E DAS FINANÇAS (SEPLAN),AGÊNCIA REGULADORA DE SERVIÇOS PÚBLICOS DO RN (ARSEP),,,Não Possui,Nenhuma matéria encontrada nessa data para essa seção.
17/10/2019,DIÁRIO OFICIAL,PODER EXECUTIVO,"CONTRATOS, EDITAIS E AVISOS",SECRETARIA DE ESTADO DO PLANEJAMENTO E DAS FINANÇAS (SEPLAN),COORDENADORIA DE ESTUDOS SOCIOECONÔMICOS (CES),,,Não Possui,Nenhuma matéria encontrada nessa data para essa seção.
17/10/2019,DIÁRIO OFICIAL,PODER EXECUTIVO,"CONTRATOS, EDITAIS E AVISOS",SECRETARIA DE ESTADO DO PLANEJAMENTO E DAS FINANÇAS (SEPLAN),EMPRESA DE GESTÃO DE ATIVOS DO RIO GRANDE DO NORTE (EMGERN),,,Não Possui,Nenhuma matéria encontrada nessa data para essa seção.
17/10/2019,DIÁRIO OFICIAL,PODER EXECUTIVO,"CONTRATOS, EDITAIS E AVISOS",SECRETARIA DE ESTADO DO PLANEJAMENTO E DAS FINANÇAS (SEPLAN),INSTITUTO DE DESENVOLVIMENTO SUSTENTÁVEL E MEIO AMBIENTE DO RN (IDEMA),,,Não Possui,Nenhuma matéria encontrada nessa data para essa seção.
17/10/2019,DIÁRIO OFICIAL,PODER EXECUTIVO,"CONTRATOS, EDITAIS E AVISOS",SECRETARIA DE SEGURANÇA PÚBLICA E DA DEFESA SOCIAL,,,,Extrato Simplificado nº 062/2019,http://diariooficial.rn.gov.br/dei/dorn3/docview.aspx?id_jor=00000001&data=20191017&id_doc=662474
17/10/2019,DIÁRIO OFICIAL,PODER EXECUTIVO,"CONTRATOS, EDITAIS E AVISOS",SECRETARIA DE SEGURANÇA PÚBLICA E DA DEFESA SOCIAL,,,,Extrato do Convênio firmado SESED e o Município de Governador Dix-Sept Rosado,http://diariooficial.rn.gov.br/dei/dorn3/docview.aspx?id_jor=00000001&data=20191017&id_doc=662506
17/10/2019,DIÁRIO OFICIAL,PODER EXECUTIVO,"CONTRATOS, EDITAIS E AVISOS",SECRETARIA DE SEGURANÇA PÚBLICA E DA DEFESA SOCIAL,,,,SESED - AVISO PREGÃO ELETRÔNICO Nº 28_2019.doc,http://diariooficial.rn.gov.br/dei/dorn3/docview.aspx?id_jor=00000001&data=20191017&id_doc=662546
17/10/2019,DIÁRIO OFICIAL,PODER EXECUTIVO,"CONTRATOS, EDITAIS E AVISOS",SECRETARIA DE SEGURANÇA PÚBLICA E DA DEFESA SOCIAL,ACADEMIA DE POLICIA CIVIL -ACADEPOL,,,Não Possui,Nenhuma matéria encontrada nessa data para essa seção.
17/10/2019,DIÁRIO OFICIAL,PODER EXECUTIVO,"CONTRATOS, EDITAIS E AVISOS",SECRETARIA DE SEGURANÇA PÚBLICA E DA DEFESA SOCIAL,COREGEDORIA GERAL (SESED),,,Não Possui,Nenhuma matéria encontrada nessa data para essa seção.
17/10/2019,DIÁRIO OFICIAL,PODER EXECUTIVO,"CONTRATOS, EDITAIS E AVISOS",SECRETARIA DE SEGURANÇA PÚBLICA E DA DEFESA SOCIAL,CORPO DE BOMBEIROS MILITAR,,,Não Possui,Nenhuma matéria encontrada nessa data para essa seção.
17/10/2019,DIÁRIO OFICIAL,PODER EXECUTIVO,"CONTRATOS, EDITAIS E AVISOS",SECRETARIA DE SEGURANÇA PÚBLICA E DA DEFESA SOCIAL,DELEGACIA GERAL DE POLICIA CIVIL (DEGEPOL),CONSELHO SUPERIOR DE POLÍCIA - CONSEPOL,,Não Possui,Nenhuma matéria encontrada nessa data para essa seção.
17/10/2019,DIÁRIO OFICIAL,PODER EXECUTIVO,"CONTRATOS, EDITAIS E AVISOS",SECRETARIA DE SEGURANÇA PÚBLICA E DA DEFESA SOCIAL,DIRETORIA DE APOIO LOGISTICO ( DAL ) ,,,Não Possui,Nenhuma matéria encontrada nessa data para essa seção.
17/10/2019,DIÁRIO OFICIAL,PODER EXECUTIVO,"CONTRATOS, EDITAIS E AVISOS",SECRETARIA DE SEGURANÇA PÚBLICA E DA DEFESA SOCIAL,FUNDO ESPECIAL DE SEGURANÇA PUBLICA,,,Não Possui,Nenhuma matéria encontrada nessa data para essa seção.
17/10/2019,DIÁRIO OFICIAL,PODER EXECUTIVO,"CONTRATOS, EDITAIS E AVISOS",SECRETARIA DE SEGURANÇA PÚBLICA E DA DEFESA SOCIAL,GABINETE DO DELEGADO GERAL(GDG/PC),,,Não Possui,Nenhuma matéria encontrada nessa data para essa seção.
17/10/2019,DIÁRIO OFICIAL,PODER EXECUTIVO,"CONTRATOS, EDITAIS E AVISOS",SECRETARIA DE SEGURANÇA PÚBLICA E DA DEFESA SOCIAL,INSTITUTO TÉCNICO-CIENTÍFICO DA POLÍCIA (ITEP),,,Não Possui,Nenhuma matéria encontrada nessa data para essa seção.
17/10/2019,DIÁRIO OFICIAL,PODER EXECUTIVO,"CONTRATOS, EDITAIS E AVISOS",SECRETARIA DE SEGURANÇA PÚBLICA E DA DEFESA SOCIAL,POLICIA MILITAR DO ESTADO DO RN,,,PM - 2º AVISO AO PE Nº 004-2019.doc,http://diariooficial.rn.gov.br/dei/dorn3/docview.aspx?id_jor=00000001&data=20191017&id_doc=662552
17/10/2019,DIÁRIO OFICIAL,PODER EXECUTIVO,"CONTRATOS, EDITAIS E AVISOS",SECRETARIA DE SEGURANÇA PÚBLICA E DA DEFESA SOCIAL,POLICIA MILITAR DO ESTADO DO RN,GABINETE DO COMANDANTE GERAL (PM),,Não Possui,Nenhuma matéria encontrada nessa data para essa seção.
17/10/2019,DIÁRIO OFICIAL,PODER EXECUTIVO,"CONTRATOS, EDITAIS E AVISOS",SECRETARIA DE TRIBUTAÇÃO,SECRETARIA DE ESTADO DE TRIBUTACAO-SUMATI,,,Não Possui,Nenhuma matéria encontrada nessa data para essa seção.
17/10/2019,DIÁRIO OFICIAL,PODER EXECUTIVO,"CONTRATOS, EDITAIS E AVISOS",SECRETARIA DE TRIBUTAÇÃO,SECRETARIA DE TRIBUTAÇÃO / 1 URT,,,Não Possui,Nenhuma matéria encontrada nessa data para essa seção.
17/10/2019,DIÁRIO OFICIAL,PODER EXECUTIVO,"CONTRATOS, EDITAIS E AVISOS",SECRETARIA DE TRIBUTAÇÃO,SECRETARIA DE TRIBUTAÇÃO / 2 URT,,,Não Possui,Nenhuma matéria encontrada nessa data para essa seção.
17/10/2019,DIÁRIO OFICIAL,PODER EXECUTIVO,"CONTRATOS, EDITAIS E AVISOS",SECRETARIA DE TRIBUTAÇÃO,SECRETARIA DE TRIBUTAÇÃO / 3 URT,,,Não Possui,Nenhuma matéria encontrada nessa data para essa seção.
17/10/2019,DIÁRIO OFICIAL,PODER EXECUTIVO,"CONTRATOS, EDITAIS E AVISOS",SECRETARIA DE TRIBUTAÇÃO,SECRETARIA DE TRIBUTAÇÃO / 4 URT,,,Não Possui,Nenhuma matéria encontrada nessa data para essa seção.
17/10/2019,DIÁRIO OFICIAL,PODER EXECUTIVO,"CONTRATOS, EDITAIS E AVISOS",SECRETARIA DE TRIBUTAÇÃO,SECRETARIA DE TRIBUTAÇÃO / 5 URT,,,Não Possui,Nenhuma matéria encontrada nessa data para essa seção.
17/10/2019,DIÁRIO OFICIAL,PODER EXECUTIVO,"CONTRATOS, EDITAIS E AVISOS",SECRETARIA DE TRIBUTAÇÃO,SECRETARIA DE TRIBUTAÇÃO / 6 URT,,,Não Possui,Nenhuma matéria encontrada nessa data para essa seção.
17/10/2019,DIÁRIO OFICIAL,PODER EXECUTIVO,"CONTRATOS, EDITAIS E AVISOS",SECRETARIA DE TRIBUTAÇÃO,SECRETARIA DE TRIBUTAÇÃO / 7 URT,,,Não Possui,Nenhuma matéria encontrada nessa data para essa seção.
17/10/2019,DIÁRIO OFICIAL,PODER EXECUTIVO,"CONTRATOS, EDITAIS E AVISOS",SECRETARIA DE TRIBUTAÇÃO,SECRETARIA DE TRIBUTAÇÃO / CRF,,,Não Possui,Nenhuma matéria encontrada nessa data para essa seção.
17/10/2019,DIÁRIO OFICIAL,PODER EXECUTIVO,"CONTRATOS, EDITAIS E AVISOS",SECRETARIA DE TRIBUTAÇÃO,SECRETARIA DE TRIBUTAÇÃO / GABINETE,,,Não Possui,Nenhuma matéria encontrada nessa data para essa seção.
17/10/2019,DIÁRIO OFICIAL,PODER EXECUTIVO,"CONTRATOS, EDITAIS E AVISOS",SECRETARIA DE TRIBUTAÇÃO,SECRETARIA DE TRIBUTAÇÃO / SIEFI,,,Não Possui,Nenhuma matéria encontrada nessa data para essa seção.
17/10/2019,DIÁRIO OFICIAL,PODER EXECUTIVO,"CONTRATOS, EDITAIS E AVISOS",SECRETARIA DE TRIBUTAÇÃO,SECRETARIA DE TRIBUTAÇÃO /COFIS,,,Não Possui,Nenhuma matéria encontrada nessa data para essa seção.
17/10/2019,DIÁRIO OFICIAL,PODER EXECUTIVO,"CONTRATOS, EDITAIS E AVISOS",SECRETARIA DE TRIBUTAÇÃO,SECRETARIA DE TRIBUTAÇÃO/SUCIVA,,,Não Possui,Nenhuma matéria encontrada nessa data para essa seção.
17/10/2019,DIÁRIO OFICIAL,PODER EXECUTIVO,"CONTRATOS, EDITAIS E AVISOS",SECRETARIA DE TURISMO,EMPRESA POTIGUAR DE PROMOÇÃO TURISTICA S.A-EMPROTUR,,,Não Possui,Nenhuma matéria encontrada nessa data para essa seção.
17/10/2019,DIÁRIO OFICIAL,PODER EXECUTIVO,"CONTRATOS, EDITAIS E AVISOS",SECRETARIA DO DESENVOLVIMENTO ECONÔMICO,AGÊNCIA DE FOMENTO DO RN( AGN ),,,Não Possui,Nenhuma matéria encontrada nessa data para essa seção.
17/10/2019,DIÁRIO OFICIAL,PODER EXECUTIVO,"CONTRATOS, EDITAIS E AVISOS",SECRETARIA DO DESENVOLVIMENTO ECONÔMICO,COMPANHIA POTIGUAR DE GÁS (POTIGAS),,,Não Possui,Nenhuma matéria encontrada nessa data para essa seção.
17/10/2019,DIÁRIO OFICIAL,PODER EXECUTIVO,"CONTRATOS, EDITAIS E AVISOS",SECRETARIA DO DESENVOLVIMENTO ECONÔMICO,FUNCAÇÃO DE APOIO À PESQUISA DO ESTADO DO RN (FAPERN),,,Não Possui,Nenhuma matéria encontrada nessa data para essa seção.
17/10/2019,DIÁRIO OFICIAL,PODER EXECUTIVO,"CONTRATOS, EDITAIS E AVISOS",SECRETARIA DO DESENVOLVIMENTO ECONÔMICO,INSTITUTO DE PESOS E MEDIDAS DO RN (IPEM),,,Não Possui,Nenhuma matéria encontrada nessa data para essa seção.
17/10/2019,DIÁRIO OFICIAL,PODER EXECUTIVO,"CONTRATOS, EDITAIS E AVISOS",SECRETARIA DO DESENVOLVIMENTO ECONÔMICO,JUNTA COMERCIAL DO ESTADO DO RN (JUCERN),,,Não Possui,Nenhuma matéria encontrada nessa data para essa seção.
17/10/2019,DIÁRIO OFICIAL,PODER EXECUTIVO,"CONTRATOS, EDITAIS E AVISOS","SECRETARIA DO TRABALHO, DA HABITAÇÃO E DA ASSISTÊNCIA SOCIAL",,,,\TERMO DE DISPENSA DE LICITAÇÃO Nº 53-2019,http://diariooficial.rn.gov.br/dei/dorn3/docview.aspx?id_jor=00000001&data=20191017&id_doc=662526
17/10/2019,DIÁRIO OFICIAL,PODER EXECUTIVO,"CONTRATOS, EDITAIS E AVISOS","SECRETARIA DO TRABALHO, DA HABITAÇÃO E DA ASSISTÊNCIA SOCIAL",,,,TERMO DE DISPENSA DE LICITAÇÃO Nº 52-2019,http://diariooficial.rn.gov.br/dei/dorn3/docview.aspx?id_jor=00000001&data=20191017&id_doc=662527
17/10/2019,DIÁRIO OFICIAL,PODER EXECUTIVO,"CONTRATOS, EDITAIS E AVISOS","SECRETARIA DO TRABALHO, DA HABITAÇÃO E DA ASSISTÊNCIA SOCIAL",COMPANHIA ESTADUAL DE HABITAÇÃO E DESENVOLVIMENTO URBANO - CEHAB,,,Não Possui,Nenhuma matéria encontrada nessa data para essa seção.
17/10/2019,DIÁRIO OFICIAL,PODER EXECUTIVO,"CONTRATOS, EDITAIS E AVISOS","SECRETARIA DO TRABALHO, DA HABITAÇÃO E DA ASSISTÊNCIA SOCIAL",FUNDAÇÃO DE ATENDIMENTO SOCIOEDUCATIVO DO ESTADO DO RIO GRANDE DO NORTE – FUNDASE/RN,,,AVISO DE LICITAÇÃO,http://diariooficial.rn.gov.br/dei/dorn3/docview.aspx?id_jor=00000001&data=20191017&id_doc=662476
17/10/2019,DIÁRIO OFICIAL,PODER EXECUTIVO,GOVERNADORIA,ASSESSORIA DE COMUNICAÇÃO DO ESTADO (ASSECOM) ,DEPARTAMENTO ESTADUAL DE IMPRENSA (DEI),DEI ASSEJUR,,Não Possui,Nenhuma matéria encontrada nessa data para essa seção.
17/10/2019,DIÁRIO OFICIAL,PODER EXECUTIVO,GOVERNADORIA,ATOS,,,,Concessão de Medalha a UGO LEITE RODRIGUES DO NASCIMENTO - PMRN.doc,http://diariooficial.rn.gov.br/dei/dorn3/docview.aspx?id_jor=00000001&data=20191017&id_doc=662471
17/10/2019,DIÁRIO OFICIAL,PODER EXECUTIVO,GOVERNADORIA,ATOS,,,,Promoção de HILTON SOARES LOPES - PM doe 16.10.2019 Republicado.doc,http://diariooficial.rn.gov.br/dei/dorn3/docview.aspx?id_jor=00000001&data=20191017&id_doc=662477
17/10/2019,DIÁRIO OFICIAL,PODER EXECUTIVO,GOVERNADORIA,ATOS,,,,Afastamento de RAFAELLA PEREIRA CHAGAS - SEEC.doc,http://diariooficial.rn.gov.br/dei/dorn3/docview.aspx?id_jor=00000001&data=20191017&id_doc=662478
17/10/2019,DIÁRIO OFICIAL,PODER EXECUTIVO,GOVERNADORIA,ATOS,,,,Concessão de Medalha a EDMILSON DE ANDRADE LUCENA e outros - PMRN.doc,http://diariooficial.rn.gov.br/dei/dorn3/docview.aspx?id_jor=00000001&data=20191017&id_doc=662481
17/10/2019,DIÁRIO OFICIAL,PODER EXECUTIVO,GOVERNADORIA,ATOS,,,,Concessão de Medalha a EDINILSON VIANA DA SILVA e outros - PMRN.doc,http://diariooficial.rn.gov.br/dei/dorn3/docview.aspx?id_jor=00000001&data=20191017&id_doc=662482
17/10/2019,DIÁRIO OFICIAL,PODER EXECUTIVO,GOVERNADORIA,ATOS,,,,Concessão de Medalha a ROBERTO DE MEDEIROS TARGINO e outro - PMRN.doc,http://diariooficial.rn.gov.br/dei/dorn3/docview.aspx?id_jor=00000001&data=20191017&id_doc=662483
17/10/2019,DIÁRIO OFICIAL,PODER EXECUTIVO,GOVERNADORIA,ATOS,,,,Concessão de Medalha a BRUCE MORAIS e outros - PMRN.doc,http://diariooficial.rn.gov.br/dei/dorn3/docview.aspx?id_jor=00000001&data=20191017&id_doc=662484
17/10/2019,DIÁRIO OFICIAL,PODER EXECUTIVO,GOVERNADORIA,ATOS,,,,Concessão de Medalha a FRANCISCO DE ASSIS MEDEIROS e outros - PMRN.doc,http://diariooficial.rn.gov.br/dei/dorn3/docview.aspx?id_jor=00000001&data=20191017&id_doc=662485
17/10/2019,DIÁRIO OFICIAL,PODER EXECUTIVO,GOVERNADORIA,ATOS,,,,Prorrogação de cessão de FRANCISCO PEREIRA DA SILVA - PMRN para SENASP.doc,http://diariooficial.rn.gov.br/dei/dorn3/docview.aspx?id_jor=00000001&data=20191017&id_doc=662487
17/10/2019,DIÁRIO OFICIAL,PODER EXECUTIVO,GOVERNADORIA,ATOS,,,,Nomeação de GILDENI ALVES DA SILVA - FUNDASE.doc,http://diariooficial.rn.gov.br/dei/dorn3/docview.aspx?id_jor=00000001&data=20191017&id_doc=662500
17/10/2019,DIÁRIO OFICIAL,PODER EXECUTIVO,GOVERNADORIA,ATOS,,,,Exoneração de FRANCISCO CARAMURÚ DE OLIVEIRA MONTE PAIVA E AZEVÊDO - IGARN.doc,http://diariooficial.rn.gov.br/dei/dorn3/docview.aspx?id_jor=00000001&data=20191017&id_doc=662503
17/10/2019,DIÁRIO OFICIAL,PODER EXECUTIVO,GOVERNADORIA,ATOS,,,,Exoneração de RAQUEL MARIA DA COSTA SILVEIRA - SEAD.doc,http://diariooficial.rn.gov.br/dei/dorn3/docview.aspx?id_jor=00000001&data=20191017&id_doc=662534
17/10/2019,DIÁRIO OFICIAL,PODER EXECUTIVO,GOVERNADORIA,CONSELHO DE DESENVOLVIMENTO DO ESTADO (CDE),,,,Não Possui,Nenhuma matéria encontrada nessa data para essa seção.
17/10/2019,DIÁRIO OFICIAL,PODER EXECUTIVO,GOVERNADORIA,CONSULTORIA GERAL DO ESTADO (CGE),,,,Não Possui,Nenhuma matéria encontrada nessa data para essa seção.
17/10/2019,DIÁRIO OFICIAL,PODER EXECUTIVO,GOVERNADORIA,CONTROLADORIA GERAL DO ESTADO (CONTROL),,,,Portaria nº 067.2019 - Averbação de tempo de serviço - Retificação 018.2015,http://diariooficial.rn.gov.br/dei/dorn3/docview.aspx?id_jor=00000001&data=20191017&id_doc=662455
17/10/2019,DIÁRIO OFICIAL,PODER EXECUTIVO,GOVERNADORIA,DECRETOS,,,,"Decreto nº 29.223 - Crédito Suplementar - R$ 1.719.000,00.doc",http://diariooficial.rn.gov.br/dei/dorn3/docview.aspx?id_jor=00000001&data=20191017&id_doc=662538
17/10/2019,DIÁRIO OFICIAL,PODER EXECUTIVO,GOVERNADORIA,DECRETOS,,,,"Decreto nº 29.224 - Crédito Suplementar - R$ 48.511,60.doc",http://diariooficial.rn.gov.br/dei/dorn3/docview.aspx?id_jor=00000001&data=20191017&id_doc=662539
17/10/2019,DIÁRIO OFICIAL,PODER EXECUTIVO,GOVERNADORIA,DEFENSORIA PÚBLICA DO ESTADO (DPE),,,,Não Possui,Nenhuma matéria encontrada nessa data para essa seção.
17/10/2019,DIÁRIO OFICIAL,PODER EXECUTIVO,GOVERNADORIA,GABINETE CIVIL DO GOVERNADOR DO ESTADO,CONSELHO ESTADUAL DOS DIREITOS DA CRIANÇA E DO ADOLESCENTE,,,Não Possui,Nenhuma matéria encontrada nessa data para essa seção.
17/10/2019,DIÁRIO OFICIAL,PODER EXECUTIVO,GOVERNADORIA,GABINETE DO VICE-GOVERNADOR,,,,Não Possui,Nenhuma matéria encontrada nessa data para essa seção.
17/10/2019,DIÁRIO OFICIAL,PODER EXECUTIVO,GOVERNADORIA,LEIS,,,,Não Possui,Nenhuma matéria encontrada nessa data para essa seção.
17/10/2019,DIÁRIO OFICIAL,PODER EXECUTIVO,GOVERNADORIA,PROCURADORIA GERAL DO ESTADO (PGE),,,,PAUTA DO DIA 16.10.2019,http://diariooficial.rn.gov.br/dei/dorn3/docview.aspx?id_jor=00000001&data=20191017&id_doc=662505
17/10/2019,DIÁRIO OFICIAL,PODER EXECUTIVO,SECRETARIAS DE ESTADO,SECRETARIA DA INFRA-ESTRUTURA ,AGÊNCIA REGULADORA DE SERVIÇOS PÚBLICOS DO RN (ARSEP),,,Não Possui,Nenhuma matéria encontrada nessa data para essa seção.
17/10/2019,DIÁRIO OFICIAL,PODER EXECUTIVO,SECRETARIAS DE ESTADO,SECRETARIA DA INFRA-ESTRUTURA ,DEPARTAMENTO ESTADUAL DE ESTRADAS E RODAGENS (DER) ,,,Não Possui,Nenhuma matéria encontrada nessa data para essa seção.
17/10/2019,DIÁRIO OFICIAL,PODER EXECUTIVO,SECRETARIAS DE ESTADO,SECRETARIA DA INFRA-ESTRUTURA ,DEPARTAMENTO ESTADUAL DE TRANSITO (DETRAN) ,,,Não Possui,Nenhuma matéria encontrada nessa data para essa seção.
17/10/2019,DIÁRIO OFICIAL,PODER EXECUTIVO,SECRETARIAS DE ESTADO,SECRETARIA DA JUSTIÇA E DA CIDADANIA ,CONSELHO ESTADUAL DE DIREITOS HUMANOS E CIDADANIA,,,Não Possui,Nenhuma matéria encontrada nessa data para essa seção.
17/10/2019,DIÁRIO OFICIAL,PODER EXECUTIVO,SECRETARIAS DE ESTADO,SECRETARIA DA SEGURANÇA PÚBLICA E DA DEFESA SOCIAL ,ACADEMIA DE POLICIA CIVIL- ACADEPOL,,,Não Possui,Nenhuma matéria encontrada nessa data para essa seção.
17/10/2019,DIÁRIO OFICIAL,PODER EXECUTIVO,SECRETARIAS DE ESTADO,SECRETARIA DA SEGURANÇA PÚBLICA E DA DEFESA SOCIAL ,CORPO DE BOMBEIROS MILITAR ,,,PORTARIA-SEI Nº 481,http://diariooficial.rn.gov.br/dei/dorn3/docview.aspx?id_jor=00000001&data=20191017&id_doc=662439
17/10/2019,DIÁRIO OFICIAL,PODER EXECUTIVO,SECRETARIAS DE ESTADO,SECRETARIA DA SEGURANÇA PÚBLICA E DA DEFESA SOCIAL ,CORREGEDORIA GERAL (SESED),,,Não Possui,Nenhuma matéria encontrada nessa data para essa seção.
17/10/2019,DIÁRIO OFICIAL,PODER EXECUTIVO,SECRETARIAS DE ESTADO,SECRETARIA DA SEGURANÇA PÚBLICA E DA DEFESA SOCIAL ,DELEGACIA GERAL DE POLICIA CIVIL (DEGEPOL),CONSELHO SUPERIOR DE POLÍCIA - CONSEPOL,,Não Possui,Nenhuma matéria encontrada nessa data para essa seção.
17/10/2019,DIÁRIO OFICIAL,PODER EXECUTIVO,SECRETARIAS DE ESTADO,SECRETARIA DA SEGURANÇA PÚBLICA E DA DEFESA SOCIAL ,DELEGACIA GERAL DE POLICIA CIVIL (DEGEPOL),CPPC-COMISSÃO DE PROMOÇÃO E PROGRESSÃO DO PESSOAL DA PC,,Não Possui,Nenhuma matéria encontrada nessa data para essa seção.
17/10/2019,DIÁRIO OFICIAL,PODER EXECUTIVO,SECRETARIAS DE ESTADO,SECRETARIA DA SEGURANÇA PÚBLICA E DA DEFESA SOCIAL ,DIRETORIA DE APOIO LOGISTICO ( DAL ),,,Não Possui,Nenhuma matéria encontrada nessa data para essa seção.
17/10/2019,DIÁRIO OFICIAL,PODER EXECUTIVO,SECRETARIAS DE ESTADO,SECRETARIA DA SEGURANÇA PÚBLICA E DA DEFESA SOCIAL ,FUNDO ESPECIAL DE SEGURANCA PUBLICA,,,Não Possui,Nenhuma matéria encontrada nessa data para essa seção.
17/10/2019,DIÁRIO OFICIAL,PODER EXECUTIVO,SECRETARIAS DE ESTADO,SECRETARIA DA SEGURANÇA PÚBLICA E DA DEFESA SOCIAL ,GABINETE DO DELEGADO GERAL(GDG/PC),,,Não Possui,Nenhuma matéria encontrada nessa data para essa seção.
17/10/2019,DIÁRIO OFICIAL,PODER EXECUTIVO,SECRETARIAS DE ESTADO,SECRETARIA DA SEGURANÇA PÚBLICA E DA DEFESA SOCIAL ,INSTITUTO TÉCNICO-CIENTÍFICO DA POLÍCIA (ITEP) ,,,Não Possui,Nenhuma matéria encontrada nessa data para essa seção.
17/10/2019,DIÁRIO OFICIAL,PODER EXECUTIVO,SECRETARIAS DE ESTADO,SECRETARIA DA SEGURANÇA PÚBLICA E DA DEFESA SOCIAL ,POLÍCIA MILITAR DO ESTADO DO RN ,GABINETE DO COMANDANTE GERAL (PM),,Não Possui,Nenhuma matéria encontrada nessa data para essa seção.
17/10/2019,DIÁRIO OFICIAL,PODER EXECUTIVO,SECRETARIAS DE ESTADO,SECRETARIA DE ADMINISTRAÇÃO E DOS RECURSOS HUMANOS ,,,,Não Possui,Nenhuma matéria encontrada nessa data para essa seção.
17/10/2019,DIÁRIO OFICIAL,PODER EXECUTIVO,SECRETARIAS DE ESTADO,"SECRETARIA DE ASSUNTOS FUNDIÁRIOS, COLONIZAÇÃO E APOIO À REFORMA AGRÁRIA ",,,,Não Possui,Nenhuma matéria encontrada nessa data para essa seção.
17/10/2019,DIÁRIO OFICIAL,PODER EXECUTIVO,SECRETARIAS DE ESTADO,SECRETÁRIA DE ESTADO DA ADMINISTRAÇÃO (SEAD),,,,SEAD - PORTARIA Nº 1325 - 2019 Escola de Governo.doc,http://diariooficial.rn.gov.br/dei/dorn3/docview.aspx?id_jor=00000001&data=20191017&id_doc=662535
17/10/2019,DIÁRIO OFICIAL,PODER EXECUTIVO,SECRETARIAS DE ESTADO,SECRETÁRIA DE ESTADO DA ADMINISTRAÇÃO (SEAD),,,,SEAD - RESOLUÇÃO INTERADMINISTRATIVA N° 583-2019.doc,http://diariooficial.rn.gov.br/dei/dorn3/docview.aspx?id_jor=00000001&data=20191017&id_doc=662548
17/10/2019,DIÁRIO OFICIAL,PODER EXECUTIVO,SECRETARIAS DE ESTADO,SECRETÁRIA DE ESTADO DA ADMINISTRAÇÃO (SEAD),,,,SEAD - PORTARIA E RESOLUÇÕES DE PROGRESSÃO E EXONERAÇÕES SERVIDORES.doc,http://diariooficial.rn.gov.br/dei/dorn3/docview.aspx?id_jor=00000001&data=20191017&id_doc=662549
17/10/2019,DIÁRIO OFICIAL,PODER EXECUTIVO,SECRETARIAS DE ESTADO,SECRETÁRIA DE ESTADO DA ADMINISTRAÇÃO (SEAD),COMPANHIA DE PROCESSAMENTO DE DADOS DO RN (DATANORTE) ,,,Não Possui,Nenhuma matéria encontrada nessa data para essa seção.
17/10/2019,DIÁRIO OFICIAL,PODER EXECUTIVO,SECRETARIAS DE ESTADO,SECRETÁRIA DE ESTADO DA ADMINISTRAÇÃO (SEAD),INSTITUTO DE PREVIDÊNCIA DOS SERVIDORES DO ESTADO - (IPERN) ,,,RESOLUÇÃO ADMINISTRATIVA Nº 1322 - RHAILDES CAETANO FERREIRA - FUNDASE - REPUBLICADA POR INCORREÇÃO,http://diariooficial.rn.gov.br/dei/dorn3/docview.aspx?id_jor=00000001&data=20191017&id_doc=662444
17/10/2019,DIÁRIO OFICIAL,PODER EXECUTIVO,SECRETARIAS DE ESTADO,SECRETÁRIA DE ESTADO DA ADMINISTRAÇÃO PENITENCIÁRIA (SEAP),,,,PORTARIA Nº 399_2019-GS_SEAP - Assistência Jurídica Gratuita.doc,http://diariooficial.rn.gov.br/dei/dorn3/docview.aspx?id_jor=00000001&data=20191017&id_doc=662547
17/10/2019,DIÁRIO OFICIAL,PODER EXECUTIVO,SECRETARIAS DE ESTADO,"SECRETARIA DE ESTADO DA AGRICULTURA, DA PECUÁRIA E DA PESCA ",CENTRAIS DE ABASTECIMENTO DO RN. (CEASA) ,PROGRAMA FARMACIA DE TODOS -CEASA/RN,,Não Possui,Nenhuma matéria encontrada nessa data para essa seção.
17/10/2019,DIÁRIO OFICIAL,PODER EXECUTIVO,SECRETARIAS DE ESTADO,"SECRETARIA DE ESTADO DA AGRICULTURA, DA PECUÁRIA E DA PESCA ",EMPRESA DE PESQUISA AGROPECUÁRIA DO RN (EMPARN) ,,,Não Possui,Nenhuma matéria encontrada nessa data para essa seção.
17/10/2019,DIÁRIO OFICIAL,PODER EXECUTIVO,SECRETARIAS DE ESTADO,"SECRETARIA DE ESTADO DA AGRICULTURA, DA PECUÁRIA E DA PESCA ",INSTITUTO DE ASSISTÊNCIA TÉCNICA E EXTENSÃO RURAL DO RN (EMATER) ,,,Não Possui,Nenhuma matéria encontrada nessa data para essa seção.
17/10/2019,DIÁRIO OFICIAL,PODER EXECUTIVO,SECRETARIAS DE ESTADO,"SECRETARIA DE ESTADO DA AGRICULTURA, DA PECUÁRIA E DA PESCA ",INSTITUTO DE DEFESA E INSPEÇÃO AGROPECUÁRIA DO RIO GRANDE DO NORTE (IDIARN),,,Não Possui,Nenhuma matéria encontrada nessa data para essa seção.
17/10/2019,DIÁRIO OFICIAL,PODER EXECUTIVO,SECRETARIAS DE ESTADO,SECRETARIA DE ESTADO DA EDUCAÇÃO E DA CULTURA (SEEC),,,,Não Possui,Nenhuma matéria encontrada nessa data para essa seção.
17/10/2019,DIÁRIO OFICIAL,PODER EXECUTIVO,SECRETARIAS DE ESTADO,"SECRETÁRIA DE ESTADO DA EDUCAÇÃO, DA CULTURA, DO ESPORTE E DO LAZER (SEEC)",FUNDAÇÃO JOSÉ AUGUSTO (FJA) ,,,Não Possui,Nenhuma matéria encontrada nessa data para essa seção.
17/10/2019,DIÁRIO OFICIAL,PODER EXECUTIVO,SECRETARIAS DE ESTADO,"SECRETÁRIA DE ESTADO DA EDUCAÇÃO, DA CULTURA, DO ESPORTE E DO LAZER (SEEC)",INSTITUTO DE FORMAÇÃO DE PROFESSORES PRESIDENTE KENNEDY - (IFESP) ,,,Não Possui,Nenhuma matéria encontrada nessa data para essa seção.
17/10/2019,DIÁRIO OFICIAL,PODER EXECUTIVO,SECRETARIAS DE ESTADO,"SECRETÁRIA DE ESTADO DA EDUCAÇÃO, DA CULTURA, DO ESPORTE E DO LAZER (SEEC)",UNIVERSIDADE DO ESTADO DO RIO GRANDE DO NORTE (UERN) ,,,Portaria n° 2299_2019 - GP_FUERN - Revoga Portaria.doc,http://diariooficial.rn.gov.br/dei/dorn3/docview.aspx?id_jor=00000001&data=20191017&id_doc=662541
17/10/2019,DIÁRIO OFICIAL,PODER EXECUTIVO,SECRETARIAS DE ESTADO,"SECRETÁRIA DE ESTADO DA EDUCAÇÃO, DA CULTURA, DO ESPORTE E DO LAZER (SEEC)",UNIVERSIDADE DO ESTADO DO RIO GRANDE DO NORTE (UERN) ,,,Portaria nº 2300_2019 – GP_FUERN - Averbação Tempo de Contribuição - Francisco Afrânio.doc,http://diariooficial.rn.gov.br/dei/dorn3/docview.aspx?id_jor=00000001&data=20191017&id_doc=662542
17/10/2019,DIÁRIO OFICIAL,PODER EXECUTIVO,SECRETARIAS DE ESTADO,"SECRETÁRIA DE ESTADO DA EDUCAÇÃO, DA CULTURA, DO ESPORTE E DO LAZER (SEEC)",UNIVERSIDADE DO ESTADO DO RIO GRANDE DO NORTE (UERN) ,,,Portaria n.º 2302_2019 – GP_FUERN - Cessão - CINTIA EMANUELLE OLIVEIRA DE SÁ REBOUÇAS.doc,http://diariooficial.rn.gov.br/dei/dorn3/docview.aspx?id_jor=00000001&data=20191017&id_doc=662543
17/10/2019,DIÁRIO OFICIAL,PODER EXECUTIVO,SECRETARIAS DE ESTADO,"SECRETÁRIA DE ESTADO DA EDUCAÇÃO, DA CULTURA, DO ESPORTE E DO LAZER (SEEC)",UNIVERSIDADE DO ESTADO DO RIO GRANDE DO NORTE (UERN) ,,,Portaria nº 2303_2019-GP-FUERN - Averbação Tempo Contribuição -LAURO AUGUSTO R JUNIOR.doc,http://diariooficial.rn.gov.br/dei/dorn3/docview.aspx?id_jor=00000001&data=20191017&id_doc=662544
17/10/2019,DIÁRIO OFICIAL,PODER EXECUTIVO,SECRETARIAS DE ESTADO,"SECRETÁRIA DE ESTADO DA EDUCAÇÃO, DA CULTURA, DO ESPORTE E DO LAZER (SEEC)",UNIVERSIDADE DO ESTADO DO RIO GRANDE DO NORTE (UERN) ,,,Portaria nº 2304_2019 - Averbação T. Contribuição -Antônia Rafaela Fernandes de Carvalho.doc,http://diariooficial.rn.gov.br/dei/dorn3/docview.aspx?id_jor=00000001&data=20191017&id_doc=662545
17/10/2019,DIÁRIO OFICIAL,PODER EXECUTIVO,SECRETARIAS DE ESTADO,SECRETARIA DE ESTADO DA SAÚDE PÚBLICA (SESAP),,,,"EXTRATO DO 6º TERMO ADITIVO AO CONTRATO Nº 006/2014. Hospital Pediátrico Maria Alice Fernandes e LAVEBRAS Gestão de Têxteis S/A. Pactuar a renovação da validade e vigência do Contrato original, em caráter excepcional, por um período de 12 (doze) meses. Valor Global R$ 712.800,00 (setecentos e doze mil e oitocentos reais). Vigência 13/10/2019 a 12/10/2020. Suyame Furtado Ricarte, pela Contratante e Remi Michel Fouladox /Otávio Batista de Carvalho Neto, pela Contratada.",http://diariooficial.rn.gov.br/dei/dorn3/docview.aspx?id_jor=00000001&data=20191017&id_doc=662440
17/10/2019,DIÁRIO OFICIAL,PODER EXECUTIVO,SECRETARIAS DE ESTADO,SECRETARIA DE ESTADO DA SAÚDE PÚBLICA (SESAP),,,,"EXTRATO DO 1º TERMO ADITIVO AO CONTRATO Nº 20/19. Secretaria de Estado da Saúde Pública e a empresa INSTITUTO DE RADIOLOGIA DE NATAL LTDA. A Alteração da CLAUSULA DÉCIMA QUINTA – DO ACOMPANHAMENTO E FISCALIZAÇÃO. Este Aditivo tem validade e vigência apartir da data de sua assinatura até o dia 02/05/2020, eficácia com a publicação do extrato no DOE. Cipriano Maia de Vasconcelos, Pela Contratante e Bernadino Marques De Figueiredo Filho Pela Contratada.",http://diariooficial.rn.gov.br/dei/dorn3/docview.aspx?id_jor=00000001&data=20191017&id_doc=662445
17/10/2019,DIÁRIO OFICIAL,PODER EXECUTIVO,SECRETARIAS DE ESTADO,SECRETARIA DE ESTADO DA SAÚDE PÚBLICA (SESAP),,,,"EXTRATO DO 3º TERMO ADITIVO AO CONTRATO Nº 63/16. Secretaria de Estado da Saúde Pública e a empresa LIMPA FOSSA PARNAMIRIM LTDA - ME. Pactuar a prorrogação da validade e vigência do contrato original por um período de 12 (doze) meses. Valor estimado de R$ 10.800,00, equivalente a 12 (doze) parcelas mensais estimadas no valor de R$ 900,00. Este aditivo tem validade e vigência a partir de 01/10/2019 até 30/09/2020, eficácia com a publicação do Extrato no DOE. Cipriano Maia de Vasconcelos, Pela Contratante e Januncio de Araújo Junior Pela Contratada.",http://diariooficial.rn.gov.br/dei/dorn3/docview.aspx?id_jor=00000001&data=20191017&id_doc=662446
17/10/2019,DIÁRIO OFICIAL,PODER EXECUTIVO,SECRETARIAS DE ESTADO,SECRETARIA DE ESTADO DA SAÚDE PÚBLICA (SESAP),,,,"EXTRATO DO 1º TERMO DE APOSTILAMENTO AO 3º TERMO ADITIVO AO CONTRATO Nº 22/17. SECRETARIA DE ESTADO DA SAÚDE PÚBLICA DO RN E A EMPRESA WT COMÉRCIO E REPRESENTAÇÕES LTDA. RETIFICAR a CLÁUSULA TERCEIRA do 3º TERMO ADITIVO AO CONTRATO Nº 22/17. Cipriano Maia de Vasconcelos, Secretário de Estado da Saúde Pública do RN.",http://diariooficial.rn.gov.br/dei/dorn3/docview.aspx?id_jor=00000001&data=20191017&id_doc=662447
17/10/2019,DIÁRIO OFICIAL,PODER EXECUTIVO,SECRETARIAS DE ESTADO,SECRETARIA DE ESTADO DA SAÚDE PÚBLICA (SESAP),,,,"EXTRATO DO 1º TERMO DE APOSTILAMENTO AO CONTRATO Nº 68/19. SECRETARIA DE ESTADO DA SAÚDE PÚBLICA DO RN E A EMPRESA AMARANTE COMÉRCIO E REPRESENTAÇÕES LTDA. Pactuar a substituição de fiscal de contrato no âmbito da UNICAT, dispensando a servidora Gerliane de Oliveira Cavalcante (matrícula nº 206802-8), e nomeando a servidora Edna Pereira de Queiroz (matrícula nº 91.867-9), conforme Processo nº 00610261.000595/2019-71. Cipriano Maia de Vasconcelos, Secretário de Estado da Saúde Pública do RN.",http://diariooficial.rn.gov.br/dei/dorn3/docview.aspx?id_jor=00000001&data=20191017&id_doc=662451
17/10/2019,DIÁRIO OFICIAL,PODER EXECUTIVO,SECRETARIAS DE ESTADO,SECRETARIA DE ESTADO DA SAÚDE PÚBLICA (SESAP),,,,"EXTRATO DO 2º TERMO DE APOSTILAMENTO AO CONTRATO Nº 66/19. SECRETARIA DE ESTADO DA SAÚDE PÚBLICA DO RN E A EMPRESA AMARANTE COMÉRCIO E REPRESENTAÇÕES LTDA. Pactuar a substituição de fiscal de contrato no âmbito da UNICAT, dispensando a servidora Gerliane de Oliveira Cavalcante (matrícula nº 206802-8), e nomeando a servidora Edna Pereira de Queiroz (matrícula nº 91.867-9), conforme Processo nº 00610261.000595/2019-71. Cipriano Maia de Vasconcelos, Secretário de Estado da Saúde Pública do RN.",http://diariooficial.rn.gov.br/dei/dorn3/docview.aspx?id_jor=00000001&data=20191017&id_doc=662452
17/10/2019,DIÁRIO OFICIAL,PODER EXECUTIVO,SECRETARIAS DE ESTADO,SECRETARIA DE ESTADO DA SAÚDE PÚBLICA (SESAP),,,,"Aquisição, de material de consumo(seringas e agulhas), para atender as necessidades do Programa Estadual de Imunizações e Programa Estadual de Controle da Raiva, da SESAP/RN.",http://diariooficial.rn.gov.br/dei/dorn3/docview.aspx?id_jor=00000001&data=20191017&id_doc=662458
17/10/2019,DIÁRIO OFICIAL,PODER EXECUTIVO,SECRETARIAS DE ESTADO,SECRETARIA DE ESTADO DA SAÚDE PÚBLICA (SESAP),,,,"O Hospital Giselda Trigueiro, através da Direção Geral, convoca empresas do ramo manutenção em equipamentos de Radiologia; com o objetivo de realizar Manutenção Corretiva com Peças e Mão de Obra, no Equipamento de Raios X Portátil, marca MEDITRONIX, modelo BR100 – SP HGT 0023. através de dispensa de licitação. Dr. André Luciano de Araújo Prudente. Diretor Geral /HGT.",http://diariooficial.rn.gov.br/dei/dorn3/docview.aspx?id_jor=00000001&data=20191017&id_doc=662459
17/10/2019,DIÁRIO OFICIAL,PODER EXECUTIVO,SECRETARIAS DE ESTADO,SECRETARIA DE ESTADO DA SAÚDE PÚBLICA (SESAP),,,,Aquisição de Produtos Médicos para Saúde – fios de sutura absorvíveis e não absorvíveis.,http://diariooficial.rn.gov.br/dei/dorn3/docview.aspx?id_jor=00000001&data=20191017&id_doc=662469
17/10/2019,DIÁRIO OFICIAL,PODER EXECUTIVO,SECRETARIAS DE ESTADO,SECRETARIA DE ESTADO DA SAÚDE PÚBLICA (SESAP),,,,"A Diretora Geral do Hospital Monsenhor Walfredo Gurgel, no uso de suas atribuições legais, e tendo em vista o que consta o processo nº 00610754.000003/2019-70 reconhece a Dispensa de Licitação e autoriza o empenho e pagamento da despesa no valor global de R$ 16.800,00 (Dezesseis Mil e Oitocentos Reais) em favor da empresa José Availton da Cunha / Impacto Saúde Ambiental haja vista a inviabilidade de competição para a realização de licitação. Maria de Fátima Pereira Pinheiro Diretora Geral",http://diariooficial.rn.gov.br/dei/dorn3/docview.aspx?id_jor=00000001&data=20191017&id_doc=662490
17/10/2019,DIÁRIO OFICIAL,PODER EXECUTIVO,SECRETARIAS DE ESTADO,SECRETARIA DE ESTADO DA SAÚDE PÚBLICA (SESAP),,,,"EXTRATO DO 1º TERMO DE APOSTILAMENTO AO CONTRATO Nº 48/16. SECRETARIA DE ESTADO DA SAÚDE PÚBLICA DO RN E A EMPRESA WT COMÉRCIO E REPRESENTAÇÕES LTDA. Pactuar a substituição de fiscal do contrato supracitado, dispensando a servidora Vilany Lemos da Costa Fernandes (matrícula nº 152.359-7), e designando a servidora Maria Aparecida Gomes (matrícula nº 97.987-2), conforme processo nº 00610188.000695/2019-28. Cipriano Maia de Vasconcelos, Secretário de Estado da Saúde Pública do RN.",http://diariooficial.rn.gov.br/dei/dorn3/docview.aspx?id_jor=00000001&data=20191017&id_doc=662491
17/10/2019,DIÁRIO OFICIAL,PODER EXECUTIVO,SECRETARIAS DE ESTADO,SECRETARIA DE ESTADO DA SAÚDE PÚBLICA (SESAP),,,,"SECRETARIA DE ESTADO DA SAÚDE PÚBLICA GABINETE DO SECRETÁRIO RESENHA DE AVERBAÇÃO DE TEMPO Nº 10/2019-SESAP, DE 16 DE OUTUBRO DE 2019.",http://diariooficial.rn.gov.br/dei/dorn3/docview.aspx?id_jor=00000001&data=20191017&id_doc=662492
17/10/2019,DIÁRIO OFICIAL,PODER EXECUTIVO,SECRETARIAS DE ESTADO,SECRETARIA DE ESTADO DA SAÚDE PÚBLICA (SESAP),,,,"Portaria nº 2.098/2019- GS/SESAP, de 15 de outubro de 2019. O SECRETÁRIO DE ESTADO DA SAÚDE PÚBLICA, no uso de suas atribuições legais e tendo em vista o que consta no processo nº 408569/2016-8, RESOLVE: Retificar o quinquênio referente à concessão de três meses de licença prêmio de que trata a portaria nº 026/2017-GS-Sesap, publicada no Diário Oficial do Estado nº 13.847, de 18/01/2017, do(a) servidor(a) Emílio Alves do Nascimento, Matrícula nº 88.601-7, lotado no VI URSAP. PETRÔNIO SOUZA SPINELLI Secretário Adjunto/SESAP",http://diariooficial.rn.gov.br/dei/dorn3/docview.aspx?id_jor=00000001&data=20191017&id_doc=662493
17/10/2019,DIÁRIO OFICIAL,PODER EXECUTIVO,SECRETARIAS DE ESTADO,SECRETARIA DE ESTADO DA SAÚDE PÚBLICA (SESAP),,,,"Extrato de Inexigibilidade de Licitação – Processo: 00610021.001943/2019-51. Inscrições para 30 (trinta) servidores da SESAP (A lista será acrescentada ao processo posteriormente) a fim de participarem do Curso “Assistência ao paciente em UTI”, a ser realizado no Hotel Golden Tulip - Ponta Negra - Natal/RN, no período de no período de 22 e 23/10/2019. Valor total R$ 41.100,00 (Quarenta e um mil e cem reais). Beneficiário Ideias Eventos e Promoções EIRELI. Cipriano Maia de Vasconcelos Secretário de Estado da Saúde Pública",http://diariooficial.rn.gov.br/dei/dorn3/docview.aspx?id_jor=00000001&data=20191017&id_doc=662496
17/10/2019,DIÁRIO OFICIAL,PODER EXECUTIVO,SECRETARIAS DE ESTADO,SECRETARIA DE ESTADO DA SAÚDE PÚBLICA (SESAP),,,,"Extrato de Inexigibilidade de Licitação – Processo: 00610432.000039/2019-96 Inscrições para as servidores MICHELLINE JOSUÁ COSTA MACIEL 218604-7; ALBA DANTAS DE MELO 89.519-9; KATIUCIA ROSELI SILVA DE CARVALHO 224.975-8; IRACI NESTOR DE SOUZA ALMEIDA 211.681-2. A fim de participarem do Curso “XXI Jornada Nacional de Imunizações”, no período de 04 a 07 de SETEMBRO de 2019 em Natal- (RN). Valor total R$ 2.160,00 (Dois Mil, Cento e Sessenta Reais) Beneficiário Associação Brasileira de Imunizações- SBIM Cipriano Maia de Vasconcelos Secretário de Estado da Saúde Pública",http://diariooficial.rn.gov.br/dei/dorn3/docview.aspx?id_jor=00000001&data=20191017&id_doc=662501
17/10/2019,DIÁRIO OFICIAL,PODER EXECUTIVO,SECRETARIAS DE ESTADO,SECRETARIA DE ESTADO DA SAÚDE PÚBLICA (SESAP),,,,"O Diretor Geral do Hospital Monsenhor Walfredo Gurgel, no uso de suas atribuições legais, e tendo em vista o que consta o processo nº 00610754.000003/2019-70 reconhece a Dispensa de Licitação e autoriza o empenho e pagamento da despesa no valor global de R$ 16.800,00 (Dezesseis Mil e OitocentosReais) em favor da empresa José Availton da Cunha / Impacto Saúde Ambiental, fundamentada no Art. 24, inciso II da Lei 8.666/93, em sua atual redação, haja vista a inviabilidade de competição para a realização de licitação. Maria de Fátima Pereira Pinheiro Diretora Geral",http://diariooficial.rn.gov.br/dei/dorn3/docview.aspx?id_jor=00000001&data=20191017&id_doc=662502
17/10/2019,DIÁRIO OFICIAL,PODER EXECUTIVO,SECRETARIAS DE ESTADO,"SECRETÁRIA DE ESTADO DAS MULHERES, DA JUVENTUDE, DA IGUALDADE RACIAL E DOS DIREITOS HUMANOS (SEMJIDH)",,,,Acordo do Termo de Cooperaçao 013.2019 Estagiarios Estudandes de Ensino Superior,http://diariooficial.rn.gov.br/dei/dorn3/docview.aspx?id_jor=00000001&data=20191017&id_doc=662489
17/10/2019,DIÁRIO OFICIAL,PODER EXECUTIVO,SECRETARIAS DE ESTADO,"SECRETÁRIA DE ESTADO DAS MULHERES, DA JUVENTUDE, DA IGUALDADE RACIAL E DOS DIREITOS HUMANOS (SEMJIDH)","SECRETÁRIA DE ESTADO DAS MULHERES, DA JUVENTUDE, DA IGUALDADE RACIAL E DOS DIREITOS HUMANOS (SEMJIDH)",,,Não Possui,Nenhuma matéria encontrada nessa data para essa seção.
17/10/2019,DIÁRIO OFICIAL,PODER EXECUTIVO,SECRETARIAS DE ESTADO,SECRETÁRIA DE ESTADO DO DESENVOLVIMENTO RURAL E DA AGRICULTURA FAMILIAR (SEDRAF),SECRETÁRIA DE ESTADO DO DESENVOLVIMENTO RURAL E DA AGRICULTURA FAMILIAR (SEDRAF),,,Não Possui,Nenhuma matéria encontrada nessa data para essa seção.
17/10/2019,DIÁRIO OFICIAL,PODER EXECUTIVO,SECRETARIAS DE ESTADO,SECRETARIA DE ESTADO DO ESPORTE E DO LAZER (SEEL),CONSELHO ESTADUAL DE DESPORTOS (CED),,,Não Possui,Nenhuma matéria encontrada nessa data para essa seção.
17/10/2019,DIÁRIO OFICIAL,PODER EXECUTIVO,SECRETARIAS DE ESTADO,SECRETARIA DE ESTADO DO MEIO AMBIENTE E DOS RECURSOS HÍDRICOS (SEMARH),COMPANHIA DE ÁGUAS E ESGOTOS DO RN (CAERN) ,,,Não Possui,Nenhuma matéria encontrada nessa data para essa seção.
17/10/2019,DIÁRIO OFICIAL,PODER EXECUTIVO,SECRETARIAS DE ESTADO,SECRETARIA DE ESTADO DO MEIO AMBIENTE E DOS RECURSOS HÍDRICOS (SEMARH),INSTITUTO DE GESTÃO DAS ÁGUAS DO RN - IGARN ,,,Não Possui,Nenhuma matéria encontrada nessa data para essa seção.
17/10/2019,DIÁRIO OFICIAL,PODER EXECUTIVO,SECRETARIAS DE ESTADO,SECRETARIA DE ESTADO DO PLANEJAMENTO E DAS FINANÇAS (SEPLAN),,,,SEPLAN - PORTARIAS 101 A 106-2019.doc,http://diariooficial.rn.gov.br/dei/dorn3/docview.aspx?id_jor=00000001&data=20191017&id_doc=662553
17/10/2019,DIÁRIO OFICIAL,PODER EXECUTIVO,SECRETARIAS DE ESTADO,SECRETARIA DE ESTADO DO PLANEJAMENTO E DAS FINANÇAS (SEPLAN),AGÊNCIA REGULADORA DE SERVIÇOS PÚBLICOS DO RN (ARSEP),,,Não Possui,Nenhuma matéria encontrada nessa data para essa seção.
17/10/2019,DIÁRIO OFICIAL,PODER EXECUTIVO,SECRETARIAS DE ESTADO,SECRETARIA DE ESTADO DO PLANEJAMENTO E DAS FINANÇAS (SEPLAN),COORDENADORIA DE ESTUDOS SOCIOECONÔMICOS (CES),,,Não Possui,Nenhuma matéria encontrada nessa data para essa seção.
17/10/2019,DIÁRIO OFICIAL,PODER EXECUTIVO,SECRETARIAS DE ESTADO,SECRETARIA DE ESTADO DO PLANEJAMENTO E DAS FINANÇAS (SEPLAN),EMPRESA DE GESTÃO DE ATIVOS DO RIO GRANDE DO NORTE (EMGERN),,,Não Possui,Nenhuma matéria encontrada nessa data para essa seção.
17/10/2019,DIÁRIO OFICIAL,PODER EXECUTIVO,SECRETARIAS DE ESTADO,SECRETARIA DE ESTADO DO PLANEJAMENTO E DAS FINANÇAS (SEPLAN),INSTITUTO DE DESENVOLVIMENTO SUSTENTÁVEL E MEIO AMBIENTE DO RN (IDEMA) ,,,Portaria nº 123_2019-IDEMA.doc,http://diariooficial.rn.gov.br/dei/dorn3/docview.aspx?id_jor=00000001&data=20191017&id_doc=662556
17/10/2019,DIÁRIO OFICIAL,PODER EXECUTIVO,SECRETARIAS DE ESTADO,SECRETARIA DE TRIBUTAÇÃO ,,,,PAUTA DA SESSÃO DO DIA 22 DE OUTUBRO DE 2019,http://diariooficial.rn.gov.br/dei/dorn3/docview.aspx?id_jor=00000001&data=20191017&id_doc=662453
17/10/2019,DIÁRIO OFICIAL,PODER EXECUTIVO,SECRETARIAS DE ESTADO,SECRETARIA DE TRIBUTAÇÃO ,SECRETARIA DE ESTADO DE TRIBUTACAO-SUMATI,,,Não Possui,Nenhuma matéria encontrada nessa data para essa seção.
17/10/2019,DIÁRIO OFICIAL,PODER EXECUTIVO,SECRETARIAS DE ESTADO,SECRETARIA DE TRIBUTAÇÃO ,SECRETARIA DE TRIBUTAÇÃO / 1 URT,,,Não Possui,Nenhuma matéria encontrada nessa data para essa seção.
17/10/2019,DIÁRIO OFICIAL,PODER EXECUTIVO,SECRETARIAS DE ESTADO,SECRETARIA DE TRIBUTAÇÃO ,SECRETARIA DE TRIBUTAÇÃO / 2 URT,,,Não Possui,Nenhuma matéria encontrada nessa data para essa seção.
17/10/2019,DIÁRIO OFICIAL,PODER EXECUTIVO,SECRETARIAS DE ESTADO,SECRETARIA DE TRIBUTAÇÃO ,SECRETARIA DE TRIBUTAÇÃO / 3 URT,,,Não Possui,Nenhuma matéria encontrada nessa data para essa seção.
17/10/2019,DIÁRIO OFICIAL,PODER EXECUTIVO,SECRETARIAS DE ESTADO,SECRETARIA DE TRIBUTAÇÃO ,SECRETARIA DE TRIBUTAÇÃO / 4 URT,,,Não Possui,Nenhuma matéria encontrada nessa data para essa seção.
17/10/2019,DIÁRIO OFICIAL,PODER EXECUTIVO,SECRETARIAS DE ESTADO,SECRETARIA DE TRIBUTAÇÃO ,SECRETARIA DE TRIBUTAÇÃO / 5 URT,,,Não Possui,Nenhuma matéria encontrada nessa data para essa seção.
17/10/2019,DIÁRIO OFICIAL,PODER EXECUTIVO,SECRETARIAS DE ESTADO,SECRETARIA DE TRIBUTAÇÃO ,SECRETARIA DE TRIBUTAÇÃO / 6 URT,,,Não Possui,Nenhuma matéria encontrada nessa data para essa seção.
17/10/2019,DIÁRIO OFICIAL,PODER EXECUTIVO,SECRETARIAS DE ESTADO,SECRETARIA DE TRIBUTAÇÃO ,SECRETARIA DE TRIBUTAÇÃO / 7 URT,,,Não Possui,Nenhuma matéria encontrada nessa data para essa seção.
17/10/2019,DIÁRIO OFICIAL,PODER EXECUTIVO,SECRETARIAS DE ESTADO,SECRETARIA DE TRIBUTAÇÃO ,SECRETARIA DE TRIBUTAÇÃO / CRF,,,Não Possui,Nenhuma matéria encontrada nessa data para essa seção.
17/10/2019,DIÁRIO OFICIAL,PODER EXECUTIVO,SECRETARIAS DE ESTADO,SECRETARIA DE TRIBUTAÇÃO ,SECRETARIA DE TRIBUTAÇÃO / GABINETE,,,Não Possui,Nenhuma matéria encontrada nessa data para essa seção.
17/10/2019,DIÁRIO OFICIAL,PODER EXECUTIVO,SECRETARIAS DE ESTADO,SECRETARIA DE TRIBUTAÇÃO ,SECRETARIA DE TRIBUTAÇÃO / SIEFI,,,Não Possui,Nenhuma matéria encontrada nessa data para essa seção.
17/10/2019,DIÁRIO OFICIAL,PODER EXECUTIVO,SECRETARIAS DE ESTADO,SECRETARIA DE TRIBUTAÇÃO ,SECRETARIA DE TRIBUTAÇÃO /COFIS,,,Não Possui,Nenhuma matéria encontrada nessa data para essa seção.
17/10/2019,DIÁRIO OFICIAL,PODER EXECUTIVO,SECRETARIAS DE ESTADO,SECRETARIA DE TURISMO ,EMPRESA POTIGUAR DE PROMOÇÃO TURISTICA S.A-EMPROTUR,,,Não Possui,Nenhuma matéria encontrada nessa data para essa seção.
17/10/2019,DIÁRIO OFICIAL,PODER EXECUTIVO,SECRETARIAS DE ESTADO,SECRETARIA DO DESENVOLVIMENTO ECONÔMICO ,AGÊNCIA DE FOMENTO DO RN( AGN ),,,Não Possui,Nenhuma matéria encontrada nessa data para essa seção.
17/10/2019,DIÁRIO OFICIAL,PODER EXECUTIVO,SECRETARIAS DE ESTADO,SECRETARIA DO DESENVOLVIMENTO ECONÔMICO ,COMPANHIA POTIGUAR DE GÁS (POTIGÁS) ,,,Não Possui,Nenhuma matéria encontrada nessa data para essa seção.
17/10/2019,DIÁRIO OFICIAL,PODER EXECUTIVO,SECRETARIAS DE ESTADO,SECRETARIA DO DESENVOLVIMENTO ECONÔMICO ,FUNCAÇÃO DE APOIO À PESQUISA DO ESTADO DO RN (FAPERN),,,Não Possui,Nenhuma matéria encontrada nessa data para essa seção.
17/10/2019,DIÁRIO OFICIAL,PODER EXECUTIVO,SECRETARIAS DE ESTADO,SECRETARIA DO DESENVOLVIMENTO ECONÔMICO ,INSTITUTO DE PESOS E MEDIDAS DO RN (IPEM) ,,,Não Possui,Nenhuma matéria encontrada nessa data para essa seção.
17/10/2019,DIÁRIO OFICIAL,PODER EXECUTIVO,SECRETARIAS DE ESTADO,SECRETARIA DO DESENVOLVIMENTO ECONÔMICO ,JUNTA COMERCIAL DO ESTADO DO RN (JUCERN) ,,,Não Possui,Nenhuma matéria encontrada nessa data para essa seção.
17/10/2019,DIÁRIO OFICIAL,PODER EXECUTIVO,SECRETARIAS DE ESTADO,"SECRETARIA DO TRABALHO, DA HABITAÇÃO E DA ASSISTÊNCIA SOCIAL",COMPANHIA ESTADUAL DE HABITAÇÃO E DESENVOLVIMENTO URBANO - CEHAB,,,Extrato do Contrato 009.2019 LOCAÇÃO DE IMPRESSORAS,http://diariooficial.rn.gov.br/dei/dorn3/docview.aspx?id_jor=00000001&data=20191017&id_doc=662457
17/10/2019,DIÁRIO OFICIAL,PODER EXECUTIVO,SECRETARIAS DE ESTADO,"SECRETARIA DO TRABALHO, DA HABITAÇÃO E DA ASSISTÊNCIA SOCIAL",FUNDAÇÃO DE ATENDIMENTO SOCIOEDUCATIVO DO ESTADO DO RIO GRANDE DO NORTE – FUNDASE/RN,,,PORTARIA 215,http://diariooficial.rn.gov.br/dei/dorn3/docview.aspx?id_jor=00000001&data=20191017&id_doc=662475
17/10/2019,DIÁRIO OFICIAL,PODER LEGISLATIVO,DIÁRIO DA ASSEMBLÉIA LEGISLATIVA ,,,,,AVISO DE JULGAMENTO DE IMPUGNAÇÃO E SUSPENSÃO,http://diariooficial.rn.gov.br/dei/dorn3/docview.aspx?id_jor=00000001&data=20191017&id_doc=662495
17/10/2019,DIÁRIO OFICIAL,PODER LEGISLATIVO,DIÁRIO DA ASSEMBLÉIA LEGISLATIVA ,SECRETARIA LEGISLATIVA,,,,Não Possui,Nenhuma matéria encontrada nessa data para essa seção.
17/10/2019,DIÁRIO OFICIAL,MINISTÉRIO PÚBLICO,,,,,,16.10.2019 - MATÉRIA DA DIRETORIA DE GESTÃO DE PESSOAS.doc,http://diariooficial.rn.gov.br/dei/dorn3/docview.aspx?id_jor=00000001&data=20191017&id_doc=662550
17/10/2019,DIÁRIO OFICIAL,MINISTÉRIO PÚBLICO,,,,,,16.10.2019 - MATÉRIA DA PROCURADORIA GERAL DE JUSTIÇA.doc,http://diariooficial.rn.gov.br/dei/dorn3/docview.aspx?id_jor=00000001&data=20191017&id_doc=662551
17/10/2019,DIÁRIO OFICIAL,TRIBUNAL DE CONTAS,,,,,,Não Possui,Nenhuma matéria encontrada nessa data para essa seção.
17/10/2019,DIÁRIO OFICIAL,PREFEITURAS,,,,,,PREFEITURA MUNICIPAL DE PARELHAS - AVISO DE RETIFICAÇÃO I DA TP. Nº 05-2019,http://diariooficial.rn.gov.br/dei/dorn3/docview.aspx?id_jor=00000001&data=20191017&id_doc=662519
17/10/2019,DIÁRIO OFICIAL,PREFEITURAS,,,,,,PREFEITURA MUNICIPAL DE PARNAMIRIM - AVISO DA CONCORRÊNCIA Nº 04-2019,http://diariooficial.rn.gov.br/dei/dorn3/docview.aspx?id_jor=00000001&data=20191017&id_doc=662520
17/10/2019,DIÁRIO OFICIAL,PREFEITURAS,,,,,,PREFEITURA MUNICIPAL DE CURRAIS NOVOS - EXTRATO DO JULGAMENTO DA CHAMADA PÚBLICA Nº 03-2019,http://diariooficial.rn.gov.br/dei/dorn3/docview.aspx?id_jor=00000001&data=20191017&id_doc=662521
17/10/2019,DIÁRIO OFICIAL,PREFEITURAS,,,,,,PREFEITURA MUNICIPAL DE MACAÍBA - AVISO DE CONVOCAÇÃO PP. Nº 067-2019,http://diariooficial.rn.gov.br/dei/dorn3/docview.aspx?id_jor=00000001&data=20191017&id_doc=662522
17/10/2019,DIÁRIO OFICIAL,PREFEITURAS,,,,,,PREFEITURA MUNICIPAL DE MACAÍBA - AVISO DA ANÁLISE E JULGAMENTO PP. Nº 068-2019,http://diariooficial.rn.gov.br/dei/dorn3/docview.aspx?id_jor=00000001&data=20191017&id_doc=662523
17/10/2019,DIÁRIO OFICIAL,PREFEITURAS,,,,,,PREFEITURA MUNICIPAL DE GOIANINHA - AVISO DA TP. Nº 04-2019,http://diariooficial.rn.gov.br/dei/dorn3/docview.aspx?id_jor=00000001&data=20191017&id_doc=662524
17/10/2019,DIÁRIO OFICIAL,PREFEITURAS,,,,,,PREFEITURA MUNICIPAL DE SÃO GONÇALO DO AMARANTE - PEDIDO DE LICENÇA PRÉVIA,http://diariooficial.rn.gov.br/dei/dorn3/docview.aspx?id_jor=00000001&data=20191017&id_doc=662525
17/10/2019,DIÁRIO OFICIAL,PARTICULARES,,,,,,CENTRAL EÓLICA MARGARIDA I LTDA. - PEDIDO DE LICENÇA PRÉVIA,http://diariooficial.rn.gov.br/dei/dorn3/docview.aspx?id_jor=00000001&data=20191017&id_doc=662507
17/10/2019,DIÁRIO OFICIAL,PARTICULARES,,,,,,CROP AGRÍCOLA LTDA. - RECEBIMENTO DE LICENÇA DE OPERAÇÃO,http://diariooficial.rn.gov.br/dei/dorn3/docview.aspx?id_jor=00000001&data=20191017&id_doc=662508
17/10/2019,DIÁRIO OFICIAL,PARTICULARES,,,,,,AVICULTURA LÍRIO DO MATO LTDA. - PEDIDO DE LICENÇA DE REGULARIZAÇÃO DE OPERAÇÃO,http://diariooficial.rn.gov.br/dei/dorn3/docview.aspx?id_jor=00000001&data=20191017&id_doc=662509
17/10/2019,DIÁRIO OFICIAL,PARTICULARES,,,,,,EÓLICA MONTE VERDE V S.A. - REQUERIMENTO DE LICENÇA DE INSTALAÇÃO,http://diariooficial.rn.gov.br/dei/dorn3/docview.aspx?id_jor=00000001&data=20191017&id_doc=662510
17/10/2019,DIÁRIO OFICIAL,PARTICULARES,,,,,,EÓLICA MONTE VERDE VI S.A. - REQUERIMENTO DE LICENÇA DE INSTALAÇÃO,http://diariooficial.rn.gov.br/dei/dorn3/docview.aspx?id_jor=00000001&data=20191017&id_doc=662511
17/10/2019,DIÁRIO OFICIAL,PARTICULARES,,,,,,CENTRAL EÓLICA JANDAÍRA I LTDA. - PEDIDO DE LICENÇA PRÉVIA,http://diariooficial.rn.gov.br/dei/dorn3/docview.aspx?id_jor=00000001&data=20191017&id_doc=662512
17/10/2019,DIÁRIO OFICIAL,PARTICULARES,,,,,,GENEARCH AQUACULTURA LTDA. - PEDIDO DE RENOVAÇÃO DA LICENÇA SIMPLIFICADA,http://diariooficial.rn.gov.br/dei/dorn3/docview.aspx?id_jor=00000001&data=20191017&id_doc=662513
17/10/2019,DIÁRIO OFICIAL,PARTICULARES,,,,,,M K S DE SOUSA - ME - CONCESSÃO DE LICENÇA SIMPLIFICADA,http://diariooficial.rn.gov.br/dei/dorn3/docview.aspx?id_jor=00000001&data=20191017&id_doc=662514
17/10/2019,DIÁRIO OFICIAL,PARTICULARES,,,,,,POSTO APODI LTDA. - PEDIDO DE LICENÇA DE ALTERAÇÃO,http://diariooficial.rn.gov.br/dei/dorn3/docview.aspx?id_jor=00000001&data=20191017&id_doc=662515
17/10/2019,DIÁRIO OFICIAL,PARTICULARES,,,,,,AZMAC - ADMINISTRADORA DA ZONA DE PROCESSAMENTO DE EXPORT. DE MACAÍBA - AGOE EDITAL DE CONVOCAÇÃO,http://diariooficial.rn.gov.br/dei/dorn3/docview.aspx?id_jor=00000001&data=20191017&id_doc=662517
17/10/2019,DIÁRIO OFICIAL,DEFENSORIA PUBLICA DO ESTADO,,,,,,Portaria n° 677/2019-SDPGE,http://diariooficial.rn.gov.br/dei/dorn3/docview.aspx?id_jor=00000001&data=20191017&id_doc=662466
17/10/2019,DIÁRIO OFICIAL,DEFENSORIA PUBLICA DO ESTADO,,,,,,Portaria n° 678/2019-SDPGE,http://diariooficial.rn.gov.br/dei/dorn3/docview.aspx?id_jor=00000001&data=20191017&id_doc=662467
17/10/2019,DIÁRIO OFICIAL,DEFENSORIA PUBLICA DO ESTADO,,,,,,Portaria 512.2019 GDPGE,http://diariooficial.rn.gov.br/dei/dorn3/docview.aspx?id_jor=00000001&data=20191017&id_doc=662486
17/10/2019,DIÁRIO OFICIAL,DEFENSORIA PUBLICA DO ESTADO,,,,,,PORTARIA Nº 511- 2019-GDPGE,http://diariooficial.rn.gov.br/dei/dorn3/docview.aspx?id_jor=00000001&data=20191017&id_doc=662488
17/10/2019,DIÁRIO OFICIAL,DIÁRIO DA JUSTIÇA,JUSTIÇA ESTADUAL ,1ª VARA DE PRECATÓRIAS ,,,,Não Possui,Nenhuma matéria encontrada nessa data para essa seção.
17/10/2019,DIÁRIO OFICIAL,DIÁRIO DA JUSTIÇA,JUSTIÇA ESTADUAL ,COMARCA DA CAPITAL ,CENTRAL DE AVALIAÇÃO E ARREMATAÇÃO ,,,Não Possui,Nenhuma matéria encontrada nessa data para essa seção.
17/10/2019,DIÁRIO OFICIAL,DIÁRIO DA JUSTIÇA,JUSTIÇA ESTADUAL ,COMARCA DA CAPITAL ,DISTRITO JUDICIÁRIO DA ZONA NORTE - FORO VARELLA BARCA ,JUIZADOS ESPECIAIS CÍVEIS E CRIMINAIS ,,Não Possui,Nenhuma matéria encontrada nessa data para essa seção.
17/10/2019,DIÁRIO OFICIAL,DIÁRIO DA JUSTIÇA,JUSTIÇA ESTADUAL ,COMARCA DA CAPITAL ,DISTRITO JUDICIÁRIO DA ZONA NORTE - FORO VARELLA BARCA ,VARAS CRIMINAIS ,10ª VARA CRIMINAL ,Não Possui,Nenhuma matéria encontrada nessa data para essa seção.
17/10/2019,DIÁRIO OFICIAL,DIÁRIO DA JUSTIÇA,JUSTIÇA ESTADUAL ,COMARCA DA CAPITAL ,DISTRITO JUDICIÁRIO DA ZONA NORTE - FORO VARELLA BARCA ,VARAS CRIMINAIS ,11ª VARA CRIMINAL ,Não Possui,Nenhuma matéria encontrada nessa data para essa seção.
17/10/2019,DIÁRIO OFICIAL,DIÁRIO DA JUSTIÇA,JUSTIÇA ESTADUAL ,COMARCA DA CAPITAL ,DISTRITO JUDICIÁRIO DA ZONA NORTE - FORO VARELLA BARCA ,VARAS CRIMINAIS ,12ª VARA CRIMINAL ,Não Possui,Nenhuma matéria encontrada nessa data para essa seção.
17/10/2019,DIÁRIO OFICIAL,DIÁRIO DA JUSTIÇA,JUSTIÇA ESTADUAL ,COMARCA DA CAPITAL ,DISTRITO JUDICIÁRIO DA ZONA NORTE - FORO VARELLA BARCA ,VARAS CRIMINAIS ,13ª VARA CRIMINAL ,Não Possui,Nenhuma matéria encontrada nessa data para essa seção.
17/10/2019,DIÁRIO OFICIAL,DIÁRIO DA JUSTIÇA,JUSTIÇA ESTADUAL ,COMARCA DA CAPITAL ,DISTRITO JUDICIÁRIO DA ZONA NORTE - FORO VARELLA BARCA ,VARAS CRIMINAIS ,14ª VARA CRIMINAL ,Não Possui,Nenhuma matéria encontrada nessa data para essa seção.
17/10/2019,DIÁRIO OFICIAL,DIÁRIO DA JUSTIÇA,JUSTIÇA ESTADUAL ,COMARCA DA CAPITAL ,DISTRITO JUDICIÁRIO DA ZONA NORTE - FORO VARELLA BARCA ,VARAS CRIMINAIS ,15ª VARA CRIMINAL ,Não Possui,Nenhuma matéria encontrada nessa data para essa seção.
17/10/2019,DIÁRIO OFICIAL,DIÁRIO DA JUSTIÇA,JUSTIÇA ESTADUAL ,COMARCA DA CAPITAL ,DISTRITO JUDICIÁRIO DA ZONA NORTE - FORO VARELLA BARCA ,VARAS CRIMINAIS ,16ª VARA CRIMINAL ,Não Possui,Nenhuma matéria encontrada nessa data para essa seção.
17/10/2019,DIÁRIO OFICIAL,DIÁRIO DA JUSTIÇA,JUSTIÇA ESTADUAL ,COMARCA DA CAPITAL ,DISTRITO JUDICIÁRIO DA ZONA NORTE - FORO VARELLA BARCA ,VARAS CRIMINAIS ,17ª VARA CRIMINAL ,Não Possui,Nenhuma matéria encontrada nessa data para essa seção.
17/10/2019,DIÁRIO OFICIAL,DIÁRIO DA JUSTIÇA,JUSTIÇA ESTADUAL ,COMARCA DA CAPITAL ,DISTRITO JUDICIÁRIO DA ZONA NORTE - FORO VARELLA BARCA ,VARAS CRIMINAIS ,18ª VARA CRIMINAL ,Não Possui,Nenhuma matéria encontrada nessa data para essa seção.
17/10/2019,DIÁRIO OFICIAL,DIÁRIO DA JUSTIÇA,JUSTIÇA ESTADUAL ,COMARCA DA CAPITAL ,DISTRITO JUDICIÁRIO DA ZONA NORTE - FORO VARELLA BARCA ,VARAS CRIMINAIS ,19ª VARA CRIMINAL ,Não Possui,Nenhuma matéria encontrada nessa data para essa seção.
17/10/2019,DIÁRIO OFICIAL,DIÁRIO DA JUSTIÇA,JUSTIÇA ESTADUAL ,COMARCA DA CAPITAL ,DISTRITO JUDICIÁRIO DA ZONA NORTE - FORO VARELLA BARCA ,VARAS CRIMINAIS ,1ª VARA CRIMINAL ,Não Possui,Nenhuma matéria encontrada nessa data para essa seção.
17/10/2019,DIÁRIO OFICIAL,DIÁRIO DA JUSTIÇA,JUSTIÇA ESTADUAL ,COMARCA DA CAPITAL ,DISTRITO JUDICIÁRIO DA ZONA NORTE - FORO VARELLA BARCA ,VARAS CRIMINAIS ,2ª VARA CRIMINAL ,Não Possui,Nenhuma matéria encontrada nessa data para essa seção.
17/10/2019,DIÁRIO OFICIAL,DIÁRIO DA JUSTIÇA,JUSTIÇA ESTADUAL ,COMARCA DA CAPITAL ,DISTRITO JUDICIÁRIO DA ZONA NORTE - FORO VARELLA BARCA ,VARAS CRIMINAIS ,3ª VARA CRIMINAL ,Não Possui,Nenhuma matéria encontrada nessa data para essa seção.
17/10/2019,DIÁRIO OFICIAL,DIÁRIO DA JUSTIÇA,JUSTIÇA ESTADUAL ,COMARCA DA CAPITAL ,DISTRITO JUDICIÁRIO DA ZONA NORTE - FORO VARELLA BARCA ,VARAS CRIMINAIS ,4ª VARA CRIMINAL ,Não Possui,Nenhuma matéria encontrada nessa data para essa seção.
17/10/2019,DIÁRIO OFICIAL,DIÁRIO DA JUSTIÇA,JUSTIÇA ESTADUAL ,COMARCA DA CAPITAL ,DISTRITO JUDICIÁRIO DA ZONA NORTE - FORO VARELLA BARCA ,VARAS CRIMINAIS ,5ª VARA CRIMINAL ,Não Possui,Nenhuma matéria encontrada nessa data para essa seção.
17/10/2019,DIÁRIO OFICIAL,DIÁRIO DA JUSTIÇA,JUSTIÇA ESTADUAL ,COMARCA DA CAPITAL ,DISTRITO JUDICIÁRIO DA ZONA NORTE - FORO VARELLA BARCA ,VARAS CRIMINAIS ,6ª VARA CRIMINAL ,Não Possui,Nenhuma matéria encontrada nessa data para essa seção.
17/10/2019,DIÁRIO OFICIAL,DIÁRIO DA JUSTIÇA,JUSTIÇA ESTADUAL ,COMARCA DA CAPITAL ,DISTRITO JUDICIÁRIO DA ZONA NORTE - FORO VARELLA BARCA ,VARAS CRIMINAIS ,7ª VARA CRIMINAL ,Não Possui,Nenhuma matéria encontrada nessa data para essa seção.
17/10/2019,DIÁRIO OFICIAL,DIÁRIO DA JUSTIÇA,JUSTIÇA ESTADUAL ,COMARCA DA CAPITAL ,DISTRITO JUDICIÁRIO DA ZONA NORTE - FORO VARELLA BARCA ,VARAS CRIMINAIS ,8ª VARA CRIMINAL ,Não Possui,Nenhuma matéria encontrada nessa data para essa seção.
17/10/2019,DIÁRIO OFICIAL,DIÁRIO DA JUSTIÇA,JUSTIÇA ESTADUAL ,COMARCA DA CAPITAL ,DISTRITO JUDICIÁRIO DA ZONA NORTE - FORO VARELLA BARCA ,VARAS CRIMINAIS ,9ª VARA CRIMINAL ,Não Possui,Nenhuma matéria encontrada nessa data para essa seção.
17/10/2019,DIÁRIO OFICIAL,DIÁRIO DA JUSTIÇA,JUSTIÇA ESTADUAL ,COMARCA DA CAPITAL ,DISTRITO JUDICIÁRIO DA ZONA NORTE - FORO VARELLA BARCA ,VARAS DE FAMÍLIA ,1ª VARA DE FAMÍLIA ,Não Possui,Nenhuma matéria encontrada nessa data para essa seção.
17/10/2019,DIÁRIO OFICIAL,DIÁRIO DA JUSTIÇA,JUSTIÇA ESTADUAL ,COMARCA DA CAPITAL ,DISTRITO JUDICIÁRIO DA ZONA NORTE - FORO VARELLA BARCA ,VARAS DE FAMÍLIA ,2ª VARA DE FAMÍLIA ,Não Possui,Nenhuma matéria encontrada nessa data para essa seção.
17/10/2019,DIÁRIO OFICIAL,DIÁRIO DA JUSTIÇA,JUSTIÇA ESTADUAL ,COMARCA DA CAPITAL ,DISTRITO JUDICIÁRIO DA ZONA NORTE - FORO VARELLA BARCA ,VARAS DE FAMÍLIA ,3ª VARA DE FAMÍLIA ,Não Possui,Nenhuma matéria encontrada nessa data para essa seção.
17/10/2019,DIÁRIO OFICIAL,DIÁRIO DA JUSTIÇA,JUSTIÇA ESTADUAL ,COMARCA DA CAPITAL ,DISTRITO JUDICIÁRIO DA ZONA NORTE - FORO VARELLA BARCA ,VARAS DE FAMÍLIA ,4ª VARA DE FAMÍLIA ,Não Possui,Nenhuma matéria encontrada nessa data para essa seção.
17/10/2019,DIÁRIO OFICIAL,DIÁRIO DA JUSTIÇA,JUSTIÇA ESTADUAL ,COMARCA DA CAPITAL ,DISTRITO JUDICIÁRIO DA ZONA NORTE - FORO VARELLA BARCA ,VARAS DE FAMÍLIA ,5ª VARA DE FAMÍLIA ,Não Possui,Nenhuma matéria encontrada nessa data para essa seção.
17/10/2019,DIÁRIO OFICIAL,DIÁRIO DA JUSTIÇA,JUSTIÇA ESTADUAL ,COMARCA DA CAPITAL ,DISTRITO JUDICIÁRIO DA ZONA NORTE - FORO VARELLA BARCA ,VARAS DE FAMÍLIA ,6ª VARA DE FAMÍLIA ,Não Possui,Nenhuma matéria encontrada nessa data para essa seção.
17/10/2019,DIÁRIO OFICIAL,DIÁRIO DA JUSTIÇA,JUSTIÇA ESTADUAL ,COMARCA DA CAPITAL ,JUIZADOS ESPECIAIS CÍVEIS E CRIMINAIS,1ª TURMA RECURSAL DOS JUIZADOS ESPECIAIS,,Não Possui,Nenhuma matéria encontrada nessa data para essa seção.
17/10/2019,DIÁRIO OFICIAL,DIÁRIO DA JUSTIÇA,JUSTIÇA ESTADUAL ,COMARCA DA CAPITAL ,JUIZADOS ESPECIAIS CÍVEIS E CRIMINAIS,2ª TURMA RECURSAL DOS JUIZADOS ESPECIAIS,,Não Possui,Nenhuma matéria encontrada nessa data para essa seção.
17/10/2019,DIÁRIO OFICIAL,DIÁRIO DA JUSTIÇA,JUSTIÇA ESTADUAL ,COMARCA DA CAPITAL ,JUIZADOS ESPECIAIS CÍVEIS E CRIMINAIS,ATOS DO JUIZ COORDENADOR,,Não Possui,Nenhuma matéria encontrada nessa data para essa seção.
17/10/2019,DIÁRIO OFICIAL,DIÁRIO DA JUSTIÇA,JUSTIÇA ESTADUAL ,COMARCA DA CAPITAL ,JUIZADOS ESPECIAIS CÍVEIS E CRIMINAIS,JUIZADO ESPECIAL CÍVEL CENTRAL,,Não Possui,Nenhuma matéria encontrada nessa data para essa seção.
17/10/2019,DIÁRIO OFICIAL,DIÁRIO DA JUSTIÇA,JUSTIÇA ESTADUAL ,COMARCA DA CAPITAL ,JUIZADOS ESPECIAIS CÍVEIS E CRIMINAIS,JUIZADO ESPECIAL CÍVEL E CRIMINAL DA ZONA NORTE,,Não Possui,Nenhuma matéria encontrada nessa data para essa seção.
17/10/2019,DIÁRIO OFICIAL,DIÁRIO DA JUSTIÇA,JUSTIÇA ESTADUAL ,COMARCA DA CAPITAL ,JUIZADOS ESPECIAIS CÍVEIS E CRIMINAIS,JUIZADO ESPECIAL CÍVEL E CRIMINAL DA ZONA OESTE,,Não Possui,Nenhuma matéria encontrada nessa data para essa seção.
17/10/2019,DIÁRIO OFICIAL,DIÁRIO DA JUSTIÇA,JUSTIÇA ESTADUAL ,COMARCA DA CAPITAL ,JUIZADOS ESPECIAIS CÍVEIS E CRIMINAIS,JUIZADO ESPECIAL CRIMINAL CENTRAL,,Não Possui,Nenhuma matéria encontrada nessa data para essa seção.
17/10/2019,DIÁRIO OFICIAL,DIÁRIO DA JUSTIÇA,JUSTIÇA ESTADUAL ,COMARCA DA CAPITAL ,JUIZADOS ESPECIAIS CÍVEIS E CRIMINAIS,RESUMO DOS ATOS DO JUIZ COORDENADOR,,Não Possui,Nenhuma matéria encontrada nessa data para essa seção.
17/10/2019,DIÁRIO OFICIAL,DIÁRIO DA JUSTIÇA,JUSTIÇA ESTADUAL ,COMARCA DA CAPITAL ,JUIZADOS ESPECIAIS CÍVEIS E CRIMINAIS,UNIDADE CÍVEL DA FARN,,Não Possui,Nenhuma matéria encontrada nessa data para essa seção.
17/10/2019,DIÁRIO OFICIAL,DIÁRIO DA JUSTIÇA,JUSTIÇA ESTADUAL ,COMARCA DA CAPITAL ,JUIZADOS ESPECIAIS CÍVEIS E CRIMINAIS,UNIDADE CÍVEL DA MICROEMPRESA,,Não Possui,Nenhuma matéria encontrada nessa data para essa seção.
17/10/2019,DIÁRIO OFICIAL,DIÁRIO DA JUSTIÇA,JUSTIÇA ESTADUAL ,COMARCA DA CAPITAL ,JUIZADOS ESPECIAIS CÍVEIS E CRIMINAIS,UNIDADE CÍVEL DA UFRN,,Não Possui,Nenhuma matéria encontrada nessa data para essa seção.
17/10/2019,DIÁRIO OFICIAL,DIÁRIO DA JUSTIÇA,JUSTIÇA ESTADUAL ,COMARCA DA CAPITAL ,JUIZADOS ESPECIAIS CÍVEIS E CRIMINAIS,UNIDADE CÍVEL DA UNIVERSIDADE POTIGUAR - UNP,,Não Possui,Nenhuma matéria encontrada nessa data para essa seção.
17/10/2019,DIÁRIO OFICIAL,DIÁRIO DA JUSTIÇA,JUSTIÇA ESTADUAL ,COMARCA DA CAPITAL ,JUIZADOS ESPECIAIS CÍVEIS E CRIMINAIS,UNIDADE CÍVEL DE PONTA NEGRA,,Não Possui,Nenhuma matéria encontrada nessa data para essa seção.
17/10/2019,DIÁRIO OFICIAL,DIÁRIO DA JUSTIÇA,JUSTIÇA ESTADUAL ,COMARCA DA CAPITAL ,JUIZADOS ESPECIAIS CÍVEIS E CRIMINAIS,UNIDADE CÍVEL DO ALECRIM,,Não Possui,Nenhuma matéria encontrada nessa data para essa seção.
17/10/2019,DIÁRIO OFICIAL,DIÁRIO DA JUSTIÇA,JUSTIÇA ESTADUAL ,COMARCA DA CAPITAL ,JUIZADOS ESPECIAIS CÍVEIS E CRIMINAIS,UNIDADE CÍVEL DO TRÂNSITO,,Não Possui,Nenhuma matéria encontrada nessa data para essa seção.
17/10/2019,DIÁRIO OFICIAL,DIÁRIO DA JUSTIÇA,JUSTIÇA ESTADUAL ,COMARCA DA CAPITAL ,SECRETARIA JUDICIÁRIA DE DISTRIBUIÇÃO CÍVEL,,,Não Possui,Nenhuma matéria encontrada nessa data para essa seção.
17/10/2019,DIÁRIO OFICIAL,DIÁRIO DA JUSTIÇA,JUSTIÇA ESTADUAL ,COMARCA DA CAPITAL ,SECRETARIA JUDICIÁRIA DE DISTRIBUIÇÃO CRIMINAL,,,Não Possui,Nenhuma matéria encontrada nessa data para essa seção.
17/10/2019,DIÁRIO OFICIAL,DIÁRIO DA JUSTIÇA,JUSTIÇA ESTADUAL ,COMARCA DA CAPITAL ,VARAS CÍVEIS,ESPECIALIZADAS,18ª VARA CÍVEL ESPECIALIZADA ,Não Possui,Nenhuma matéria encontrada nessa data para essa seção.
17/10/2019,DIÁRIO OFICIAL,DIÁRIO DA JUSTIÇA,JUSTIÇA ESTADUAL ,COMARCA DA CAPITAL ,VARAS CÍVEIS,ESPECIALIZADAS,1ª VARA DA INFÂNCIA E DA JUVENTUDE ,Não Possui,Nenhuma matéria encontrada nessa data para essa seção.
17/10/2019,DIÁRIO OFICIAL,DIÁRIO DA JUSTIÇA,JUSTIÇA ESTADUAL ,COMARCA DA CAPITAL ,VARAS CÍVEIS,ESPECIALIZADAS,1ª VARA DE EXECUCAO FISCAL MUNICIPAL E TRIBUTARIA,Não Possui,Nenhuma matéria encontrada nessa data para essa seção.
17/10/2019,DIÁRIO OFICIAL,DIÁRIO DA JUSTIÇA,JUSTIÇA ESTADUAL ,COMARCA DA CAPITAL ,VARAS CÍVEIS,ESPECIALIZADAS,1ª VARA DE FAMÍLIA ,Não Possui,Nenhuma matéria encontrada nessa data para essa seção.
17/10/2019,DIÁRIO OFICIAL,DIÁRIO DA JUSTIÇA,JUSTIÇA ESTADUAL ,COMARCA DA CAPITAL ,VARAS CÍVEIS,ESPECIALIZADAS,1ª VARA DE FAZENDA PÚBLICA ,Não Possui,Nenhuma matéria encontrada nessa data para essa seção.
17/10/2019,DIÁRIO OFICIAL,DIÁRIO DA JUSTIÇA,JUSTIÇA ESTADUAL ,COMARCA DA CAPITAL ,VARAS CÍVEIS,ESPECIALIZADAS,1ª VARA DE SUCESSÕES ,Não Possui,Nenhuma matéria encontrada nessa data para essa seção.
17/10/2019,DIÁRIO OFICIAL,DIÁRIO DA JUSTIÇA,JUSTIÇA ESTADUAL ,COMARCA DA CAPITAL ,VARAS CÍVEIS,ESPECIALIZADAS,1º VARA DE EXECUÇÃO FISCAL ESTADUAL E TRIBUTÁRIA,Não Possui,Nenhuma matéria encontrada nessa data para essa seção.
17/10/2019,DIÁRIO OFICIAL,DIÁRIO DA JUSTIÇA,JUSTIÇA ESTADUAL ,COMARCA DA CAPITAL ,VARAS CÍVEIS,ESPECIALIZADAS,2ª VARA DA INFÂNCIA E DA JUVENTUDE ,Não Possui,Nenhuma matéria encontrada nessa data para essa seção.
17/10/2019,DIÁRIO OFICIAL,DIÁRIO DA JUSTIÇA,JUSTIÇA ESTADUAL ,COMARCA DA CAPITAL ,VARAS CÍVEIS,ESPECIALIZADAS,2ª VARA DE EXECUCAO FISCAL MUNICIPAL E TRIBUTARIA,Não Possui,Nenhuma matéria encontrada nessa data para essa seção.
17/10/2019,DIÁRIO OFICIAL,DIÁRIO DA JUSTIÇA,JUSTIÇA ESTADUAL ,COMARCA DA CAPITAL ,VARAS CÍVEIS,ESPECIALIZADAS,2ª VARA DE FAMÍLIA ,Não Possui,Nenhuma matéria encontrada nessa data para essa seção.
17/10/2019,DIÁRIO OFICIAL,DIÁRIO DA JUSTIÇA,JUSTIÇA ESTADUAL ,COMARCA DA CAPITAL ,VARAS CÍVEIS,ESPECIALIZADAS,2ª VARA DE FAZENDA PÚBLICA ,Não Possui,Nenhuma matéria encontrada nessa data para essa seção.
17/10/2019,DIÁRIO OFICIAL,DIÁRIO DA JUSTIÇA,JUSTIÇA ESTADUAL ,COMARCA DA CAPITAL ,VARAS CÍVEIS,ESPECIALIZADAS,2ª VARA DE SUCESSÕES,Não Possui,Nenhuma matéria encontrada nessa data para essa seção.
17/10/2019,DIÁRIO OFICIAL,DIÁRIO DA JUSTIÇA,JUSTIÇA ESTADUAL ,COMARCA DA CAPITAL ,VARAS CÍVEIS,ESPECIALIZADAS,2º VARA DE EXECUÇÃO FISCAL ESTADUAL E TRIBUTÁRIA,Não Possui,Nenhuma matéria encontrada nessa data para essa seção.
17/10/2019,DIÁRIO OFICIAL,DIÁRIO DA JUSTIÇA,JUSTIÇA ESTADUAL ,COMARCA DA CAPITAL ,VARAS CÍVEIS,ESPECIALIZADAS,3ª VARA DA INFÂNCIA E DA JUVENTUDE ,Não Possui,Nenhuma matéria encontrada nessa data para essa seção.
17/10/2019,DIÁRIO OFICIAL,DIÁRIO DA JUSTIÇA,JUSTIÇA ESTADUAL ,COMARCA DA CAPITAL ,VARAS CÍVEIS,ESPECIALIZADAS,3ª VARA DE FAMÍLIA ,Não Possui,Nenhuma matéria encontrada nessa data para essa seção.
17/10/2019,DIÁRIO OFICIAL,DIÁRIO DA JUSTIÇA,JUSTIÇA ESTADUAL ,COMARCA DA CAPITAL ,VARAS CÍVEIS,ESPECIALIZADAS,3ª VARA DE FAZENDA PÚBLICA ,Não Possui,Nenhuma matéria encontrada nessa data para essa seção.
17/10/2019,DIÁRIO OFICIAL,DIÁRIO DA JUSTIÇA,JUSTIÇA ESTADUAL ,COMARCA DA CAPITAL ,VARAS CÍVEIS,ESPECIALIZADAS,4ª VARA DE FAMÍLIA ,Não Possui,Nenhuma matéria encontrada nessa data para essa seção.
17/10/2019,DIÁRIO OFICIAL,DIÁRIO DA JUSTIÇA,JUSTIÇA ESTADUAL ,COMARCA DA CAPITAL ,VARAS CÍVEIS,ESPECIALIZADAS,4ª VARA DE FAZENDA PÚBLICA ,Não Possui,Nenhuma matéria encontrada nessa data para essa seção.
17/10/2019,DIÁRIO OFICIAL,DIÁRIO DA JUSTIÇA,JUSTIÇA ESTADUAL ,COMARCA DA CAPITAL ,VARAS CÍVEIS,ESPECIALIZADAS,5ª VARA DE FAMÍLIA,Não Possui,Nenhuma matéria encontrada nessa data para essa seção.
17/10/2019,DIÁRIO OFICIAL,DIÁRIO DA JUSTIÇA,JUSTIÇA ESTADUAL ,COMARCA DA CAPITAL ,VARAS CÍVEIS,ESPECIALIZADAS,5ª VARA DE FAZENDA PÚBLICA ,Não Possui,Nenhuma matéria encontrada nessa data para essa seção.
17/10/2019,DIÁRIO OFICIAL,DIÁRIO DA JUSTIÇA,JUSTIÇA ESTADUAL ,COMARCA DA CAPITAL ,VARAS CÍVEIS,ESPECIALIZADAS,6ª VARA DE FAMÍLIA ,Não Possui,Nenhuma matéria encontrada nessa data para essa seção.
17/10/2019,DIÁRIO OFICIAL,DIÁRIO DA JUSTIÇA,JUSTIÇA ESTADUAL ,COMARCA DA CAPITAL ,VARAS CÍVEIS,NÃO ESPECIALIZADAS ,10ª VARA CÍVEL,Não Possui,Nenhuma matéria encontrada nessa data para essa seção.
17/10/2019,DIÁRIO OFICIAL,DIÁRIO DA JUSTIÇA,JUSTIÇA ESTADUAL ,COMARCA DA CAPITAL ,VARAS CÍVEIS,NÃO ESPECIALIZADAS ,11ª VARA CÍVEL,Não Possui,Nenhuma matéria encontrada nessa data para essa seção.
17/10/2019,DIÁRIO OFICIAL,DIÁRIO DA JUSTIÇA,JUSTIÇA ESTADUAL ,COMARCA DA CAPITAL ,VARAS CÍVEIS,NÃO ESPECIALIZADAS ,12ª VARA CÍVEL,Não Possui,Nenhuma matéria encontrada nessa data para essa seção.
17/10/2019,DIÁRIO OFICIAL,DIÁRIO DA JUSTIÇA,JUSTIÇA ESTADUAL ,COMARCA DA CAPITAL ,VARAS CÍVEIS,NÃO ESPECIALIZADAS ,13ª VARA CÍVEL,Não Possui,Nenhuma matéria encontrada nessa data para essa seção.
17/10/2019,DIÁRIO OFICIAL,DIÁRIO DA JUSTIÇA,JUSTIÇA ESTADUAL ,COMARCA DA CAPITAL ,VARAS CÍVEIS,NÃO ESPECIALIZADAS ,14ª VARA CÍVEL,Não Possui,Nenhuma matéria encontrada nessa data para essa seção.
17/10/2019,DIÁRIO OFICIAL,DIÁRIO DA JUSTIÇA,JUSTIÇA ESTADUAL ,COMARCA DA CAPITAL ,VARAS CÍVEIS,NÃO ESPECIALIZADAS ,15ª VARA CÍVEL,Não Possui,Nenhuma matéria encontrada nessa data para essa seção.
17/10/2019,DIÁRIO OFICIAL,DIÁRIO DA JUSTIÇA,JUSTIÇA ESTADUAL ,COMARCA DA CAPITAL ,VARAS CÍVEIS,NÃO ESPECIALIZADAS ,16ª VARA CÍVEL,Não Possui,Nenhuma matéria encontrada nessa data para essa seção.
17/10/2019,DIÁRIO OFICIAL,DIÁRIO DA JUSTIÇA,JUSTIÇA ESTADUAL ,COMARCA DA CAPITAL ,VARAS CÍVEIS,NÃO ESPECIALIZADAS ,17ª VARA CÍVEL,Não Possui,Nenhuma matéria encontrada nessa data para essa seção.
17/10/2019,DIÁRIO OFICIAL,DIÁRIO DA JUSTIÇA,JUSTIÇA ESTADUAL ,COMARCA DA CAPITAL ,VARAS CÍVEIS,NÃO ESPECIALIZADAS ,18ª VARA CÍVEL,Não Possui,Nenhuma matéria encontrada nessa data para essa seção.
17/10/2019,DIÁRIO OFICIAL,DIÁRIO DA JUSTIÇA,JUSTIÇA ESTADUAL ,COMARCA DA CAPITAL ,VARAS CÍVEIS,NÃO ESPECIALIZADAS ,19ª VARA CÍVEL,Não Possui,Nenhuma matéria encontrada nessa data para essa seção.
17/10/2019,DIÁRIO OFICIAL,DIÁRIO DA JUSTIÇA,JUSTIÇA ESTADUAL ,COMARCA DA CAPITAL ,VARAS CÍVEIS,NÃO ESPECIALIZADAS ,1ª VARA CÍVEL,Não Possui,Nenhuma matéria encontrada nessa data para essa seção.
17/10/2019,DIÁRIO OFICIAL,DIÁRIO DA JUSTIÇA,JUSTIÇA ESTADUAL ,COMARCA DA CAPITAL ,VARAS CÍVEIS,NÃO ESPECIALIZADAS ,20ª VARA CÍVEL,Não Possui,Nenhuma matéria encontrada nessa data para essa seção.
17/10/2019,DIÁRIO OFICIAL,DIÁRIO DA JUSTIÇA,JUSTIÇA ESTADUAL ,COMARCA DA CAPITAL ,VARAS CÍVEIS,NÃO ESPECIALIZADAS ,2ª VARA CÍVEL,Não Possui,Nenhuma matéria encontrada nessa data para essa seção.
17/10/2019,DIÁRIO OFICIAL,DIÁRIO DA JUSTIÇA,JUSTIÇA ESTADUAL ,COMARCA DA CAPITAL ,VARAS CÍVEIS,NÃO ESPECIALIZADAS ,3ª VARA CÍVEL,Não Possui,Nenhuma matéria encontrada nessa data para essa seção.
17/10/2019,DIÁRIO OFICIAL,DIÁRIO DA JUSTIÇA,JUSTIÇA ESTADUAL ,COMARCA DA CAPITAL ,VARAS CÍVEIS,NÃO ESPECIALIZADAS ,4ª VARA CÍVEL,Não Possui,Nenhuma matéria encontrada nessa data para essa seção.
17/10/2019,DIÁRIO OFICIAL,DIÁRIO DA JUSTIÇA,JUSTIÇA ESTADUAL ,COMARCA DA CAPITAL ,VARAS CÍVEIS,NÃO ESPECIALIZADAS ,5ª VARA CÍVEL,Não Possui,Nenhuma matéria encontrada nessa data para essa seção.
17/10/2019,DIÁRIO OFICIAL,DIÁRIO DA JUSTIÇA,JUSTIÇA ESTADUAL ,COMARCA DA CAPITAL ,VARAS CÍVEIS,NÃO ESPECIALIZADAS ,6ª VARA CÍVEL,Não Possui,Nenhuma matéria encontrada nessa data para essa seção.
17/10/2019,DIÁRIO OFICIAL,DIÁRIO DA JUSTIÇA,JUSTIÇA ESTADUAL ,COMARCA DA CAPITAL ,VARAS CÍVEIS,NÃO ESPECIALIZADAS ,7ª VARA CÍVEL,Não Possui,Nenhuma matéria encontrada nessa data para essa seção.
17/10/2019,DIÁRIO OFICIAL,DIÁRIO DA JUSTIÇA,JUSTIÇA ESTADUAL ,COMARCA DA CAPITAL ,VARAS CÍVEIS,NÃO ESPECIALIZADAS ,8ª VARA CÍVEL,Não Possui,Nenhuma matéria encontrada nessa data para essa seção.
17/10/2019,DIÁRIO OFICIAL,DIÁRIO DA JUSTIÇA,JUSTIÇA ESTADUAL ,COMARCA DA CAPITAL ,VARAS CÍVEIS,NÃO ESPECIALIZADAS ,9ª VARA CÍVEL,Não Possui,Nenhuma matéria encontrada nessa data para essa seção.
17/10/2019,DIÁRIO OFICIAL,DIÁRIO DA JUSTIÇA,JUSTIÇA ESTADUAL ,COMARCA DA CAPITAL ,VARAS CRIMINAIS ,10ª VARA CRIMINAL ,,Não Possui,Nenhuma matéria encontrada nessa data para essa seção.
17/10/2019,DIÁRIO OFICIAL,DIÁRIO DA JUSTIÇA,JUSTIÇA ESTADUAL ,COMARCA DA CAPITAL ,VARAS CRIMINAIS ,11ª VARA CRIMINAL ,,Não Possui,Nenhuma matéria encontrada nessa data para essa seção.
17/10/2019,DIÁRIO OFICIAL,DIÁRIO DA JUSTIÇA,JUSTIÇA ESTADUAL ,COMARCA DA CAPITAL ,VARAS CRIMINAIS ,12ª VARA CRIMINAL ,,Não Possui,Nenhuma matéria encontrada nessa data para essa seção.
17/10/2019,DIÁRIO OFICIAL,DIÁRIO DA JUSTIÇA,JUSTIÇA ESTADUAL ,COMARCA DA CAPITAL ,VARAS CRIMINAIS ,1ª VARA CRIMINAL ,,Não Possui,Nenhuma matéria encontrada nessa data para essa seção.
17/10/2019,DIÁRIO OFICIAL,DIÁRIO DA JUSTIÇA,JUSTIÇA ESTADUAL ,COMARCA DA CAPITAL ,VARAS CRIMINAIS ,2ª VARA CRIMINAL ,,Não Possui,Nenhuma matéria encontrada nessa data para essa seção.
17/10/2019,DIÁRIO OFICIAL,DIÁRIO DA JUSTIÇA,JUSTIÇA ESTADUAL ,COMARCA DA CAPITAL ,VARAS CRIMINAIS ,3ª VARA CRIMINAL ,,Não Possui,Nenhuma matéria encontrada nessa data para essa seção.
17/10/2019,DIÁRIO OFICIAL,DIÁRIO DA JUSTIÇA,JUSTIÇA ESTADUAL ,COMARCA DA CAPITAL ,VARAS CRIMINAIS ,4ª VARA CRIMINAL ,,Não Possui,Nenhuma matéria encontrada nessa data para essa seção.
17/10/2019,DIÁRIO OFICIAL,DIÁRIO DA JUSTIÇA,JUSTIÇA ESTADUAL ,COMARCA DA CAPITAL ,VARAS CRIMINAIS ,5ª VARA CRIMINAL ,,Não Possui,Nenhuma matéria encontrada nessa data para essa seção.
17/10/2019,DIÁRIO OFICIAL,DIÁRIO DA JUSTIÇA,JUSTIÇA ESTADUAL ,COMARCA DA CAPITAL ,VARAS CRIMINAIS ,6ª VARA CRIMINAL ,,Não Possui,Nenhuma matéria encontrada nessa data para essa seção.
17/10/2019,DIÁRIO OFICIAL,DIÁRIO DA JUSTIÇA,JUSTIÇA ESTADUAL ,COMARCA DA CAPITAL ,VARAS CRIMINAIS ,7ª VARA CRIMINAL ,,Não Possui,Nenhuma matéria encontrada nessa data para essa seção.
17/10/2019,DIÁRIO OFICIAL,DIÁRIO DA JUSTIÇA,JUSTIÇA ESTADUAL ,COMARCA DA CAPITAL ,VARAS CRIMINAIS ,8ª VARA CRIMINAL ,,Não Possui,Nenhuma matéria encontrada nessa data para essa seção.
17/10/2019,DIÁRIO OFICIAL,DIÁRIO DA JUSTIÇA,JUSTIÇA ESTADUAL ,COMARCA DA CAPITAL ,VARAS CRIMINAIS ,9ª VARA CRIMINAL ,,Não Possui,Nenhuma matéria encontrada nessa data para essa seção.
17/10/2019,DIÁRIO OFICIAL,DIÁRIO DA JUSTIÇA,JUSTIÇA ESTADUAL ,CORREGEDORIA DA JUSTIÇA ,,,,Não Possui,Nenhuma matéria encontrada nessa data para essa seção.
17/10/2019,DIÁRIO OFICIAL,DIÁRIO DA JUSTIÇA,JUSTIÇA ESTADUAL ,TRIBUNAL DE JUSTIÇA ,ATAS E PAUTAS DE DISTRIBUIÇÃO E DE JULGAMENTO,,,Não Possui,Nenhuma matéria encontrada nessa data para essa seção.
17/10/2019,DIÁRIO OFICIAL,DIÁRIO DA JUSTIÇA,JUSTIÇA ESTADUAL ,TRIBUNAL DE JUSTIÇA ,CÂMARA CRIMINAL,,,Não Possui,Nenhuma matéria encontrada nessa data para essa seção.
17/10/2019,DIÁRIO OFICIAL,DIÁRIO DA JUSTIÇA,JUSTIÇA ESTADUAL ,TRIBUNAL DE JUSTIÇA ,ESMARN - ESCOLA DA MAGISTRATURA,,,Não Possui,Nenhuma matéria encontrada nessa data para essa seção.
17/10/2019,DIÁRIO OFICIAL,DIÁRIO DA JUSTIÇA,JUSTIÇA ESTADUAL ,TRIBUNAL DE JUSTIÇA ,PRESIDÊNCIA,,,Não Possui,Nenhuma matéria encontrada nessa data para essa seção.
17/10/2019,DIÁRIO OFICIAL,DIÁRIO DA JUSTIÇA,JUSTIÇA ESTADUAL ,TRIBUNAL DE JUSTIÇA ,PRIMEIRA CÂMARA CÍVEL,,,Não Possui,Nenhuma matéria encontrada nessa data para essa seção.
17/10/2019,DIÁRIO OFICIAL,DIÁRIO DA JUSTIÇA,JUSTIÇA ESTADUAL ,TRIBUNAL DE JUSTIÇA ,PUBLICAÇÃO DE ACORDÃOS ,,,Não Possui,Nenhuma matéria encontrada nessa data para essa seção.
17/10/2019,DIÁRIO OFICIAL,DIÁRIO DA JUSTIÇA,JUSTIÇA ESTADUAL ,TRIBUNAL DE JUSTIÇA ,PUBLICAÇÕES ADMINISTRATIVAS,,,Não Possui,Nenhuma matéria encontrada nessa data para essa seção.
17/10/2019,DIÁRIO OFICIAL,DIÁRIO DA JUSTIÇA,JUSTIÇA ESTADUAL ,TRIBUNAL DE JUSTIÇA ,SEGUNDA CÂMARA CÍVEL,,,Não Possui,Nenhuma matéria encontrada nessa data para essa seção.
17/10/2019,DIÁRIO OFICIAL,DIÁRIO DA JUSTIÇA,JUSTIÇA ESTADUAL ,TRIBUNAL DE JUSTIÇA ,TERCEIRA CÂMARA CÍVEL,,,Não Possui,Nenhuma matéria encontrada nessa data para essa seção.
17/10/2019,DIÁRIO OFICIAL,DIÁRIO DA JUSTIÇA,JUSTIÇA ESTADUAL ,TRIBUNAL DE JUSTIÇA ,TRIBUNAL PLENO,,,Não Possui,Nenhuma matéria encontrada nessa data para essa seção.
17/10/2019,DIÁRIO OFICIAL,DIÁRIO DA JUSTIÇA,JUSTIÇA FEDERAL DE PRIMEIRO GRAU,10- VARA DA JUSTICA FEDERAL-SUBSECAO DE MOSSORO DRA.CINTIA MENEZES BRUNETTA,,,,Não Possui,Nenhuma matéria encontrada nessa data para essa seção.
17/10/2019,DIÁRIO OFICIAL,DIÁRIO DA JUSTIÇA,JUSTIÇA FEDERAL DE PRIMEIRO GRAU,11 VARA DA JUSTICA FEDERAL-SUBSECAO DE ASSU-DR.ALMIRO JOSE DA ROCHA LEMOS,,,,Não Possui,Nenhuma matéria encontrada nessa data para essa seção.
17/10/2019,DIÁRIO OFICIAL,DIÁRIO DA JUSTIÇA,JUSTIÇA FEDERAL DE PRIMEIRO GRAU,12 VARA-SUBSEÇAO DE PAU DOS FERROS -DR. JOSÉ CARLOS DANTAS T. DE SOUZA,,,,Não Possui,Nenhuma matéria encontrada nessa data para essa seção.
17/10/2019,DIÁRIO OFICIAL,DIÁRIO DA JUSTIÇA,JUSTIÇA FEDERAL DE PRIMEIRO GRAU,1ª TURMA RECURSAL,,,,Não Possui,Nenhuma matéria encontrada nessa data para essa seção.
17/10/2019,DIÁRIO OFICIAL,DIÁRIO DA JUSTIÇA,JUSTIÇA FEDERAL DE PRIMEIRO GRAU,1ª VARA - DR. MAGNUS AUGUSTO COSTA DELGADO,,,,Não Possui,Nenhuma matéria encontrada nessa data para essa seção.
17/10/2019,DIÁRIO OFICIAL,DIÁRIO DA JUSTIÇA,JUSTIÇA FEDERAL DE PRIMEIRO GRAU,2ª TURMA RECURSAL,,,,Não Possui,Nenhuma matéria encontrada nessa data para essa seção.
17/10/2019,DIÁRIO OFICIAL,DIÁRIO DA JUSTIÇA,JUSTIÇA FEDERAL DE PRIMEIRO GRAU,2ª VARA - DR. WALTER NUNES DA SILVA JÚNIOR,,,,Não Possui,Nenhuma matéria encontrada nessa data para essa seção.
17/10/2019,DIÁRIO OFICIAL,DIÁRIO DA JUSTIÇA,JUSTIÇA FEDERAL DE PRIMEIRO GRAU,3ª TURMA RECURSAL,,,,Não Possui,Nenhuma matéria encontrada nessa data para essa seção.
17/10/2019,DIÁRIO OFICIAL,DIÁRIO DA JUSTIÇA,JUSTIÇA FEDERAL DE PRIMEIRO GRAU,3ª VARA FEDERAL - DR. MARCO BRUNO MIRANDA CLEMENTINO,,,,Não Possui,Nenhuma matéria encontrada nessa data para essa seção.
17/10/2019,DIÁRIO OFICIAL,DIÁRIO DA JUSTIÇA,JUSTIÇA FEDERAL DE PRIMEIRO GRAU,4ª VARA - DR. JANILSON BEZERRA DE SIQUEIRA,,,,Não Possui,Nenhuma matéria encontrada nessa data para essa seção.
17/10/2019,DIÁRIO OFICIAL,DIÁRIO DA JUSTIÇA,JUSTIÇA FEDERAL DE PRIMEIRO GRAU,5ª VARA - DR. IVAN LIRA DE CARVALHO,,,,Não Possui,Nenhuma matéria encontrada nessa data para essa seção.
17/10/2019,DIÁRIO OFICIAL,DIÁRIO DA JUSTIÇA,JUSTIÇA FEDERAL DE PRIMEIRO GRAU,6ª VARA - DR. JAILSOM LEANDRO DE SOUSA,,,,Não Possui,Nenhuma matéria encontrada nessa data para essa seção.
17/10/2019,DIÁRIO OFICIAL,DIÁRIO DA JUSTIÇA,JUSTIÇA FEDERAL DE PRIMEIRO GRAU,7ª VARA - JUIZADO ESPECIAL FEDERAL - DR. MANUEL MAIA DE VASCONCELOS NETO,,,,Não Possui,Nenhuma matéria encontrada nessa data para essa seção.
17/10/2019,DIÁRIO OFICIAL,DIÁRIO DA JUSTIÇA,JUSTIÇA FEDERAL DE PRIMEIRO GRAU,8ª VARA DA JUSTIÇA FEDERAL -DR. NEWTON FLADSTONE BARBOSA DE MOURA - MOSSORÓ,,,,Não Possui,Nenhuma matéria encontrada nessa data para essa seção.
17/10/2019,DIÁRIO OFICIAL,DIÁRIO DA JUSTIÇA,JUSTIÇA FEDERAL DE PRIMEIRO GRAU,9ª VARA DA JUSTIÇA FEDERAL DR. CARLOS WAGNER DIAS FERREIRA - CAICÓ,,,,Não Possui,Nenhuma matéria encontrada nessa data para essa seção.
17/10/2019,DIÁRIO OFICIAL,DIÁRIO DA JUSTIÇA,JUSTIÇA FEDERAL DE PRIMEIRO GRAU,DISTRIBUIÇÃO,,,,Não Possui,Nenhuma matéria encontrada nessa data para essa seção.
17/10/2019,DIÁRIO OFICIAL,DIÁRIO DA JUSTIÇA,JUSTIÇA FEDERAL DE PRIMEIRO GRAU,DISTRIBUIÇÃO DE PROCESSOS DA JUSTIÇA,,,,Não Possui,Nenhuma matéria encontrada nessa data para essa seção.
17/10/2019,DIÁRIO OFICIAL,DIÁRIO DA JUSTIÇA,JUSTIÇA FEDERAL DE PRIMEIRO GRAU,DISTRIBUIÇÃO DE PROCESSOS DO JUIZADO ESPECIAL,,,,Não Possui,Nenhuma matéria encontrada nessa data para essa seção.
17/10/2019,DIÁRIO OFICIAL,DIÁRIO DA JUSTIÇA,JUSTIÇA FEDERAL DE PRIMEIRO GRAU,JFTESTE,,,,Não Possui,Nenhuma matéria encontrada nessa data para essa seção.
17/10/2019,DIÁRIO OFICIAL,DIÁRIO DA JUSTIÇA,JUSTIÇA FEDERAL DE PRIMEIRO GRAU,MINISTERIO PUBLICO FEDERAL PROCURADORIA DA REPUBLICA NO RN,,,,Não Possui,Nenhuma matéria encontrada nessa data para essa seção.
17/10/2019,DIÁRIO OFICIAL,DIÁRIO DA JUSTIÇA,JUSTIÇA FEDERAL DE PRIMEIRO GRAU,SECRETARIA ADMINISTRATIVA,,,,Não Possui,Nenhuma matéria encontrada nessa data para essa seção.
17/10/2019,DIÁRIO OFICIAL,DIÁRIO DA JUSTIÇA,PUBLICAÇÕES A PEDIDO,COMARCA DE MOSSORO,1ª VARA CÍVEL,,,Não Possui,Nenhuma matéria encontrada nessa data para essa seção.
17/10/2019,DIÁRIO OFICIAL,DIÁRIO DA JUSTIÇA,PUBLICAÇÕES A PEDIDO,COMARCA DE MOSSORO,1ª VARA CRIMINAL,,,Não Possui,Nenhuma matéria encontrada nessa data para essa seção.
17/10/2019,DIÁRIO OFICIAL,DIÁRIO DA JUSTIÇA,PUBLICAÇÕES A PEDIDO,COMARCA DE MOSSORO,1ª VARA FAMILIA,,,Não Possui,Nenhuma matéria encontrada nessa data para essa seção.
17/10/2019,DIÁRIO OFICIAL,DIÁRIO DA JUSTIÇA,PUBLICAÇÕES A PEDIDO,COMARCA DE MOSSORO,2ª VARA CÍVEL,,,Não Possui,Nenhuma matéria encontrada nessa data para essa seção.
17/10/2019,DIÁRIO OFICIAL,DIÁRIO DA JUSTIÇA,PUBLICAÇÕES A PEDIDO,COMARCA DE MOSSORO,2ª VARA CRIMINAL,,,Não Possui,Nenhuma matéria encontrada nessa data para essa seção.
17/10/2019,DIÁRIO OFICIAL,DIÁRIO DA JUSTIÇA,PUBLICAÇÕES A PEDIDO,COMARCA DE MOSSORO,2ª VARA FAMILIA,,,Não Possui,Nenhuma matéria encontrada nessa data para essa seção.
17/10/2019,DIÁRIO OFICIAL,DIÁRIO DA JUSTIÇA,PUBLICAÇÕES A PEDIDO,COMARCA DE MOSSORO,3ª VARA CÍVEL,,,Não Possui,Nenhuma matéria encontrada nessa data para essa seção.
17/10/2019,DIÁRIO OFICIAL,DIÁRIO DA JUSTIÇA,PUBLICAÇÕES A PEDIDO,COMARCA DE MOSSORO,3ª VARA CRIMINAL,,,Não Possui,Nenhuma matéria encontrada nessa data para essa seção.
17/10/2019,DIÁRIO OFICIAL,DIÁRIO DA JUSTIÇA,PUBLICAÇÕES A PEDIDO,COMARCA DE MOSSORO,3ª VARA FAMÍLIA,,,Não Possui,Nenhuma matéria encontrada nessa data para essa seção.
17/10/2019,DIÁRIO OFICIAL,DIÁRIO DA JUSTIÇA,PUBLICAÇÕES A PEDIDO,COMARCA DE MOSSORO,4ª VARA CÍVEL,,,Não Possui,Nenhuma matéria encontrada nessa data para essa seção.
17/10/2019,DIÁRIO OFICIAL,DIÁRIO DA JUSTIÇA,PUBLICAÇÕES A PEDIDO,COMARCA DE MOSSORO,4ª VARA CRIMINAL,,,Não Possui,Nenhuma matéria encontrada nessa data para essa seção.
17/10/2019,DIÁRIO OFICIAL,DIÁRIO DA JUSTIÇA,PUBLICAÇÕES A PEDIDO,COMARCA DE MOSSORO,4ª VARA FAMÍLIA,,,Não Possui,Nenhuma matéria encontrada nessa data para essa seção.
17/10/2019,DIÁRIO OFICIAL,DIÁRIO DA JUSTIÇA,PUBLICAÇÕES A PEDIDO,COMARCA DE MOSSORO,5ª VARA CÍVEL,,,Não Possui,Nenhuma matéria encontrada nessa data para essa seção.
17/10/2019,DIÁRIO OFICIAL,DIÁRIO DA JUSTIÇA,PUBLICAÇÕES A PEDIDO,COMARCA DE MOSSORO,5ª VARA CRIMINAL,,,Não Possui,Nenhuma matéria encontrada nessa data para essa seção.
17/10/2019,DIÁRIO OFICIAL,DIÁRIO DA JUSTIÇA,PUBLICAÇÕES A PEDIDO,COMARCA DE MOSSORO,6ª VARA CÍVEL,,,Não Possui,Nenhuma matéria encontrada nessa data para essa seção.
17/10/2019,DIÁRIO OFICIAL,DIÁRIO DA JUSTIÇA,PUBLICAÇÕES A PEDIDO,COMARCA DE MOSSORO,JUIZADOS ESPECIAIS CÍVEL E CRIMINAL,,,Não Possui,Nenhuma matéria encontrada nessa data para essa seção.
17/10/2019,DIÁRIO OFICIAL,DIÁRIO DA JUSTIÇA,PUBLICAÇÕES A PEDIDO,COMARCA DE MOSSORO,VARA DA FAZENDA PUBLICA,,,Não Possui,Nenhuma matéria encontrada nessa data para essa seção.
17/10/2019,DIÁRIO OFICIAL,DIÁRIO DA JUSTIÇA,PUBLICAÇÕES A PEDIDO,COMARCA DE MOSSORO,VARA DA INFÂNCIA E JUVENTUDE,,,Não Possui,Nenhuma matéria encontrada nessa data para essa seção.
17/10/2019,DIÁRIO OFICIAL,DIÁRIO DA JUSTIÇA,TRIBUNAL REGIONAL DO TRABALHO (TRT),ATOS ADMINISTRATIVOS,,,,Não Possui,Nenhuma matéria encontrada nessa data para essa seção.
17/10/2019,DIÁRIO OFICIAL,DIÁRIO DA JUSTIÇA,TRIBUNAL REGIONAL DO TRABALHO (TRT),ATOS DA PRESIDÊNCIA E CORREGEDORIA,ATOS,,,Não Possui,Nenhuma matéria encontrada nessa data para essa seção.
17/10/2019,DIÁRIO OFICIAL,DIÁRIO DA JUSTIÇA,TRIBUNAL REGIONAL DO TRABALHO (TRT),ATOS DA PRESIDÊNCIA E CORREGEDORIA,AVISOS,,,Não Possui,Nenhuma matéria encontrada nessa data para essa seção.
17/10/2019,DIÁRIO OFICIAL,DIÁRIO DA JUSTIÇA,TRIBUNAL REGIONAL DO TRABALHO (TRT),ATOS DA PRESIDÊNCIA E CORREGEDORIA,DESPACHOS,,,Não Possui,Nenhuma matéria encontrada nessa data para essa seção.
17/10/2019,DIÁRIO OFICIAL,DIÁRIO DA JUSTIÇA,TRIBUNAL REGIONAL DO TRABALHO (TRT),ATOS DA PRESIDÊNCIA E CORREGEDORIA,EDITAIS,,,Não Possui,Nenhuma matéria encontrada nessa data para essa seção.
17/10/2019,DIÁRIO OFICIAL,DIÁRIO DA JUSTIÇA,TRIBUNAL REGIONAL DO TRABALHO (TRT),ATOS DA PRESIDÊNCIA E CORREGEDORIA,PORTARIAS,,,Não Possui,Nenhuma matéria encontrada nessa data para essa seção.
17/10/2019,DIÁRIO OFICIAL,DIÁRIO DA JUSTIÇA,TRIBUNAL REGIONAL DO TRABALHO (TRT),ATOS DA PRESIDÊNCIA E CORREGEDORIA,PROVIMENTOS,,,Não Possui,Nenhuma matéria encontrada nessa data para essa seção.
17/10/2019,DIÁRIO OFICIAL,DIÁRIO DA JUSTIÇA,TRIBUNAL REGIONAL DO TRABALHO (TRT),ATOS DAS VARAS DO TRABALHO,1ª VARA DO TRABALHO DE MOSSORÓ,,,Não Possui,Nenhuma matéria encontrada nessa data para essa seção.
17/10/2019,DIÁRIO OFICIAL,DIÁRIO DA JUSTIÇA,TRIBUNAL REGIONAL DO TRABALHO (TRT),ATOS DAS VARAS DO TRABALHO,1ª VARA DO TRABALHO DE NATAL,,,Não Possui,Nenhuma matéria encontrada nessa data para essa seção.
17/10/2019,DIÁRIO OFICIAL,DIÁRIO DA JUSTIÇA,TRIBUNAL REGIONAL DO TRABALHO (TRT),ATOS DAS VARAS DO TRABALHO,2ª VARA DO TRABALHO DE MOSSORÓ,,,Não Possui,Nenhuma matéria encontrada nessa data para essa seção.
17/10/2019,DIÁRIO OFICIAL,DIÁRIO DA JUSTIÇA,TRIBUNAL REGIONAL DO TRABALHO (TRT),ATOS DAS VARAS DO TRABALHO,2ª VARA DO TRABALHO DE NATAL,,,Não Possui,Nenhuma matéria encontrada nessa data para essa seção.
17/10/2019,DIÁRIO OFICIAL,DIÁRIO DA JUSTIÇA,TRIBUNAL REGIONAL DO TRABALHO (TRT),ATOS DAS VARAS DO TRABALHO,3ª VARA DO TRABALHO DE MOSSORÓ,,,Não Possui,Nenhuma matéria encontrada nessa data para essa seção.
17/10/2019,DIÁRIO OFICIAL,DIÁRIO DA JUSTIÇA,TRIBUNAL REGIONAL DO TRABALHO (TRT),ATOS DAS VARAS DO TRABALHO,3ª VARA DO TRABALHO DE NATAL,,,Não Possui,Nenhuma matéria encontrada nessa data para essa seção.
17/10/2019,DIÁRIO OFICIAL,DIÁRIO DA JUSTIÇA,TRIBUNAL REGIONAL DO TRABALHO (TRT),ATOS DAS VARAS DO TRABALHO,4ª VARA DO TRABALHO DE NATAL,,,Não Possui,Nenhuma matéria encontrada nessa data para essa seção.
17/10/2019,DIÁRIO OFICIAL,DIÁRIO DA JUSTIÇA,TRIBUNAL REGIONAL DO TRABALHO (TRT),ATOS DAS VARAS DO TRABALHO,5ª VARA DO TRABALHO DE NATAL,,,Não Possui,Nenhuma matéria encontrada nessa data para essa seção.
17/10/2019,DIÁRIO OFICIAL,DIÁRIO DA JUSTIÇA,TRIBUNAL REGIONAL DO TRABALHO (TRT),ATOS DAS VARAS DO TRABALHO,6ª VARA DO TRABALHO DE NATAL,,,Não Possui,Nenhuma matéria encontrada nessa data para essa seção.
17/10/2019,DIÁRIO OFICIAL,DIÁRIO DA JUSTIÇA,TRIBUNAL REGIONAL DO TRABALHO (TRT),ATOS DAS VARAS DO TRABALHO,7ª VARA DO TRABALHO DE NATAL,,,Não Possui,Nenhuma matéria encontrada nessa data para essa seção.
17/10/2019,DIÁRIO OFICIAL,DIÁRIO DA JUSTIÇA,TRIBUNAL REGIONAL DO TRABALHO (TRT),ATOS DAS VARAS DO TRABALHO,8ª VARA DO TRABALHO DE NATAL,,,Não Possui,Nenhuma matéria encontrada nessa data para essa seção.
17/10/2019,DIÁRIO OFICIAL,DIÁRIO DA JUSTIÇA,TRIBUNAL REGIONAL DO TRABALHO (TRT),ATOS DAS VARAS DO TRABALHO,CENTRAL DE APOIO À EXECUÇÃO,,,Não Possui,Nenhuma matéria encontrada nessa data para essa seção.
17/10/2019,DIÁRIO OFICIAL,DIÁRIO DA JUSTIÇA,TRIBUNAL REGIONAL DO TRABALHO (TRT),ATOS DAS VARAS DO TRABALHO,VARA DO TRABALHO DE ASSU,,,Não Possui,Nenhuma matéria encontrada nessa data para essa seção.
17/10/2019,DIÁRIO OFICIAL,DIÁRIO DA JUSTIÇA,TRIBUNAL REGIONAL DO TRABALHO (TRT),ATOS DAS VARAS DO TRABALHO,VARA DO TRABALHO DE CAICÓ,,,Não Possui,Nenhuma matéria encontrada nessa data para essa seção.
17/10/2019,DIÁRIO OFICIAL,DIÁRIO DA JUSTIÇA,TRIBUNAL REGIONAL DO TRABALHO (TRT),ATOS DAS VARAS DO TRABALHO,VARA DO TRABALHO DE CEARÁ MIRIM,,,Não Possui,Nenhuma matéria encontrada nessa data para essa seção.
17/10/2019,DIÁRIO OFICIAL,DIÁRIO DA JUSTIÇA,TRIBUNAL REGIONAL DO TRABALHO (TRT),ATOS DAS VARAS DO TRABALHO,VARA DO TRABALHO DE CURRAIS NOVOS,,,Não Possui,Nenhuma matéria encontrada nessa data para essa seção.
17/10/2019,DIÁRIO OFICIAL,DIÁRIO DA JUSTIÇA,TRIBUNAL REGIONAL DO TRABALHO (TRT),ATOS DAS VARAS DO TRABALHO,VARA DO TRABALHO DE GOIANINHA,,,Não Possui,Nenhuma matéria encontrada nessa data para essa seção.
17/10/2019,DIÁRIO OFICIAL,DIÁRIO DA JUSTIÇA,TRIBUNAL REGIONAL DO TRABALHO (TRT),ATOS DAS VARAS DO TRABALHO,VARA DO TRABALHO DE MACAU,,,Não Possui,Nenhuma matéria encontrada nessa data para essa seção.
17/10/2019,DIÁRIO OFICIAL,DIÁRIO DA JUSTIÇA,TRIBUNAL REGIONAL DO TRABALHO (TRT),ATOS DAS VARAS DO TRABALHO,VARA DO TRABALHO DE PAU DOS FERROS,,,Não Possui,Nenhuma matéria encontrada nessa data para essa seção.
17/10/2019,DIÁRIO OFICIAL,DIÁRIO DA JUSTIÇA,TRIBUNAL REGIONAL DO TRABALHO (TRT),ESTATÍSTICA,,,,Não Possui,Nenhuma matéria encontrada nessa data para essa seção.
17/10/2019,DIÁRIO OFICIAL,DIÁRIO DA JUSTIÇA,TRIBUNAL REGIONAL DO TRABALHO (TRT),TABELA DE COEFICIENTES DE CORREÇÃO,,,,Não Possui,Nenhuma matéria encontrada nessa data para essa seção.
17/10/2019,DIÁRIO OFICIAL,DIÁRIO DA JUSTIÇA,TRIBUNAL REGIONAL DO TRABALHO (TRT),TRIBUNAL PLENO E GABINETES,ACÓRDÃOS,,,Não Possui,Nenhuma matéria encontrada nessa data para essa seção.
17/10/2019,DIÁRIO OFICIAL,DIÁRIO DA JUSTIÇA,TRIBUNAL REGIONAL DO TRABALHO (TRT),TRIBUNAL PLENO E GABINETES,ATAS,,,Não Possui,Nenhuma matéria encontrada nessa data para essa seção.
17/10/2019,DIÁRIO OFICIAL,DIÁRIO DA JUSTIÇA,TRIBUNAL REGIONAL DO TRABALHO (TRT),TRIBUNAL PLENO E GABINETES,AVISOS,,,Não Possui,Nenhuma matéria encontrada nessa data para essa seção.
17/10/2019,DIÁRIO OFICIAL,DIÁRIO DA JUSTIÇA,TRIBUNAL REGIONAL DO TRABALHO (TRT),TRIBUNAL PLENO E GABINETES,DESPACHOS,,,Não Possui,Nenhuma matéria encontrada nessa data para essa seção.
17/10/2019,DIÁRIO OFICIAL,DIÁRIO DA JUSTIÇA,TRIBUNAL REGIONAL DO TRABALHO (TRT),TRIBUNAL PLENO E GABINETES,RESOLUÇÕES ADMINISTRATIVAS,,,Não Possui,Nenhuma matéria encontrada nessa data para essa seção.
17/10/2019,DIÁRIO OFICIAL,DIÁRIO DA JUSTIÇA,TRIBUNAL REGIONAL ELEITORAL (TRE) ,AÇÕES,,,,Não Possui,Nenhuma matéria encontrada nessa data para essa seção.
17/10/2019,DIÁRIO OFICIAL,DIÁRIO DA JUSTIÇA,TRIBUNAL REGIONAL ELEITORAL (TRE) ,AGRAVOS,,,,Não Possui,Nenhuma matéria encontrada nessa data para essa seção.
17/10/2019,DIÁRIO OFICIAL,DIÁRIO DA JUSTIÇA,TRIBUNAL REGIONAL ELEITORAL (TRE) ,APELAÇÕES,,,,Não Possui,Nenhuma matéria encontrada nessa data para essa seção.
17/10/2019,DIÁRIO OFICIAL,DIÁRIO DA JUSTIÇA,TRIBUNAL REGIONAL ELEITORAL (TRE) ,ATAS E PAUTAS DE DISTRIBUIÇÃO E DE JULGAMENTO,,,,Não Possui,Nenhuma matéria encontrada nessa data para essa seção.
17/10/2019,DIÁRIO OFICIAL,DIÁRIO DA JUSTIÇA,TRIBUNAL REGIONAL ELEITORAL (TRE) ,"CONTRATOS, EDITAIS E AVISOS",,,,Não Possui,Nenhuma matéria encontrada nessa data para essa seção.
17/10/2019,DIÁRIO OFICIAL,DIÁRIO DA JUSTIÇA,TRIBUNAL REGIONAL ELEITORAL (TRE) ,DECISÕES,,,,Não Possui,Nenhuma matéria encontrada nessa data para essa seção.
17/10/2019,DIÁRIO OFICIAL,DIÁRIO DA JUSTIÇA,TRIBUNAL REGIONAL ELEITORAL (TRE) ,DESPACHOS,,,,Não Possui,Nenhuma matéria encontrada nessa data para essa seção.
17/10/2019,DIÁRIO OFICIAL,DIÁRIO DA JUSTIÇA,TRIBUNAL REGIONAL ELEITORAL (TRE) ,EDITAIS,,,,Não Possui,Nenhuma matéria encontrada nessa data para essa seção.
17/10/2019,DIÁRIO OFICIAL,DIÁRIO DA JUSTIÇA,TRIBUNAL REGIONAL ELEITORAL (TRE) ,HABEAS CORPUS,,,,Não Possui,Nenhuma matéria encontrada nessa data para essa seção.
17/10/2019,DIÁRIO OFICIAL,DIÁRIO DA JUSTIÇA,TRIBUNAL REGIONAL ELEITORAL (TRE) ,MANDADOS DE SEGURANÇA,,,,Não Possui,Nenhuma matéria encontrada nessa data para essa seção.
17/10/2019,DIÁRIO OFICIAL,DIÁRIO DA JUSTIÇA,TRIBUNAL REGIONAL ELEITORAL (TRE) ,PRIMEIRA ZONA ELEITORAL,,,,Não Possui,Nenhuma matéria encontrada nessa data para essa seção.
17/10/2019,DIÁRIO OFICIAL,DIÁRIO DA JUSTIÇA,TRIBUNAL REGIONAL ELEITORAL (TRE) ,PUBLICAÇÕES ADMINISTRATIVAS,,,,Não Possui,Nenhuma matéria encontrada nessa data para essa seção.
17/10/2019,DIÁRIO OFICIAL,DIÁRIO DA JUSTIÇA,TRIBUNAL REGIONAL ELEITORAL (TRE) ,QUARTA ZONA ELEITORAL,,,,Não Possui,Nenhuma matéria encontrada nessa data para essa seção.
17/10/2019,DIÁRIO OFICIAL,DIÁRIO DA JUSTIÇA,TRIBUNAL REGIONAL ELEITORAL (TRE) ,RECURSOS,,,,Não Possui,Nenhuma matéria encontrada nessa data para essa seção.
17/10/2019,DIÁRIO OFICIAL,DIÁRIO DA JUSTIÇA,TRIBUNAL REGIONAL ELEITORAL (TRE) ,SEGUNDA ZONA ELEITORAL,,,,Não Possui,Nenhuma matéria encontrada nessa data para essa seção.
17/10/2019,DIÁRIO OFICIAL,DIÁRIO DA JUSTIÇA,TRIBUNAL REGIONAL ELEITORAL (TRE) ,TERCEIRA ZONA ELEITORAL,,,,Não Possui,Nenhuma matéria encontrada nessa data para essa seção.
